OrderDate,quantity,product_id
2014-07-01,68.0,707
2014-07-02,35.0,707
2014-07-03,20.0,707
2014-07-04,8.0,707
2014-07-05,4.0,707
2014-07-06,6.0,707
2014-07-07,7.0,707
2014-07-08,5.0,707
2014-07-09,5.0,707
2014-07-10,6.0,707
2014-07-11,5.0,707
2014-07-12,6.0,707
2014-07-13,6.0,707
2014-07-14,6.0,707
2014-07-15,6.0,707
2014-07-16,6.0,707
2014-07-17,5.0,707
2014-07-18,6.0,707
2014-07-19,6.0,707
2014-07-20,5.0,707
2014-07-21,6.0,707
2014-07-22,6.0,707
2014-07-23,5.0,707
2014-07-24,5.0,707
2014-07-25,6.0,707
2014-07-26,5.0,707
2014-07-27,5.0,707
2014-07-28,7.0,707
2014-07-29,5.0,707
2014-07-30,1.0,707
2014-07-31,42.0,707
2014-08-01,55.0,707
2014-08-02,28.0,707
2014-08-03,11.0,707
2014-08-04,5.0,707
2014-08-05,6.0,707
2014-08-06,5.0,707
2014-08-07,6.0,707
2014-08-08,6.0,707
2014-08-09,4.0,707
2014-08-10,6.0,707
2014-08-11,5.0,707
2014-08-12,5.0,707
2014-08-13,6.0,707
2014-08-14,6.0,707
2014-08-15,5.0,707
2014-08-16,6.0,707
2014-08-17,6.0,707
2014-08-18,5.0,707
2014-08-19,5.0,707
2014-08-20,6.0,707
2014-08-21,5.0,707
2014-08-22,5.0,707
2014-08-23,6.0,707
2014-08-24,5.0,707
2014-08-25,4.0,707
2014-08-26,6.0,707
2014-08-27,5.0,707
2014-08-28,4.0,707
2014-08-29,7.0,707
2014-07-01,72.0,708
2014-07-02,39.0,708
2014-07-03,18.0,708
2014-07-04,9.0,708
2014-07-05,4.0,708
2014-07-06,6.0,708
2014-07-07,7.0,708
2014-07-08,5.0,708
2014-07-09,5.0,708
2014-07-10,5.0,708
2014-07-11,5.0,708
2014-07-12,5.0,708
2014-07-13,5.0,708
2014-07-14,5.0,708
2014-07-15,5.0,708
2014-07-16,6.0,708
2014-07-17,5.0,708
2014-07-18,6.0,708
2014-07-19,6.0,708
2014-07-20,6.0,708
2014-07-21,5.0,708
2014-07-22,6.0,708
2014-07-23,5.0,708
2014-07-24,4.0,708
2014-07-25,6.0,708
2014-07-26,4.0,708
2014-07-27,4.0,708
2014-07-28,7.0,708
2014-07-29,5.0,708
2014-07-30,0.0,708
2014-07-31,48.0,708
2014-08-01,57.0,708
2014-08-02,30.0,708
2014-08-03,11.0,708
2014-08-04,5.0,708
2014-08-05,7.0,708
2014-08-06,5.0,708
2014-08-07,5.0,708
2014-08-08,6.0,708
2014-08-09,4.0,708
2014-08-10,5.0,708
2014-08-11,5.0,708
2014-08-12,4.0,708
2014-08-13,5.0,708
2014-08-14,6.0,708
2014-08-15,4.0,708
2014-08-16,5.0,708
2014-08-17,5.0,708
2014-08-18,5.0,708
2014-08-19,5.0,708
2014-08-20,6.0,708
2014-08-21,5.0,708
2014-08-22,4.0,708
2014-08-23,5.0,708
2014-08-24,5.0,708
2014-08-25,3.0,708
2014-08-26,6.0,708
2014-08-27,5.0,708
2014-08-28,3.0,708
2014-08-29,7.0,708
2012-05-01,52.0,709
2012-05-02,19.0,709
2012-05-03,7.0,709
2012-05-04,3.0,709
2012-05-05,3.0,709
2012-05-06,6.0,709
2012-05-07,3.0,709
2012-05-08,3.0,709
2012-05-09,6.0,709
2012-05-10,4.0,709
2012-05-11,3.0,709
2012-05-12,6.0,709
2012-05-13,4.0,709
2012-05-14,3.0,709
2012-05-15,6.0,709
2012-05-16,4.0,709
2012-05-17,3.0,709
2012-05-18,6.0,709
2012-05-19,5.0,709
2012-05-20,3.0,709
2012-05-21,6.0,709
2012-05-22,5.0,709
2012-05-23,3.0,709
2012-05-24,6.0,709
2012-05-25,6.0,709
2012-05-26,2.0,709
2012-05-27,7.0,709
2012-05-28,7.0,709
2012-05-29,0.0,709
2012-05-30,43.0,709
2012-05-31,23.0,709
2012-06-01,57.0,709
2012-06-02,5.0,709
2012-06-03,4.0,709
2012-06-04,8.0,709
2012-06-05,5.0,709
2012-06-06,5.0,709
2012-06-07,7.0,709
2012-06-08,5.0,709
2012-06-09,5.0,709
2012-06-10,7.0,709
2012-06-11,6.0,709
2012-06-12,5.0,709
2012-06-13,7.0,709
2012-06-14,6.0,709
2012-06-15,5.0,709
2012-06-16,7.0,709
2012-06-17,6.0,709
2012-06-18,5.0,709
2012-06-19,7.0,709
2012-06-20,6.0,709
2012-06-21,5.0,709
2012-06-22,8.0,709
2012-06-23,7.0,709
2012-06-24,5.0,709
2012-06-25,8.0,709
2012-06-26,8.0,709
2012-06-27,3.0,709
2012-06-28,9.0,709
2012-06-29,15.0,709
2014-07-01,75.0,711
2014-07-02,41.0,711
2014-07-03,21.0,711
2014-07-04,10.0,711
2014-07-05,5.0,711
2014-07-06,6.0,711
2014-07-07,7.0,711
2014-07-08,5.0,711
2014-07-09,6.0,711
2014-07-10,7.0,711
2014-07-11,5.0,711
2014-07-12,6.0,711
2014-07-13,6.0,711
2014-07-14,6.0,711
2014-07-15,5.0,711
2014-07-16,6.0,711
2014-07-17,6.0,711
2014-07-18,5.0,711
2014-07-19,7.0,711
2014-07-20,5.0,711
2014-07-21,5.0,711
2014-07-22,7.0,711
2014-07-23,5.0,711
2014-07-24,5.0,711
2014-07-25,7.0,711
2014-07-26,5.0,711
2014-07-27,5.0,711
2014-07-28,8.0,711
2014-07-29,5.0,711
2014-07-30,1.0,711
2014-07-31,49.0,711
2014-08-01,60.0,711
2014-08-02,32.0,711
2014-08-03,12.0,711
2014-08-04,6.0,711
2014-08-05,7.0,711
2014-08-06,5.0,711
2014-08-07,6.0,711
2014-08-08,6.0,711
2014-08-09,5.0,711
2014-08-10,5.0,711
2014-08-11,7.0,711
2014-08-12,5.0,711
2014-08-13,6.0,711
2014-08-14,6.0,711
2014-08-15,5.0,711
2014-08-16,5.0,711
2014-08-17,6.0,711
2014-08-18,5.0,711
2014-08-19,5.0,711
2014-08-20,6.0,711
2014-08-21,5.0,711
2014-08-22,5.0,711
2014-08-23,7.0,711
2014-08-24,5.0,711
2014-08-25,5.0,711
2014-08-26,7.0,711
2014-08-27,6.0,711
2014-08-28,4.0,711
2014-08-29,8.0,711
2014-07-01,91.0,712
2014-07-02,53.0,712
2014-07-03,26.0,712
2014-07-04,12.0,712
2014-07-05,3.0,712
2014-07-06,5.0,712
2014-07-07,6.0,712
2014-07-08,5.0,712
2014-07-09,5.0,712
2014-07-10,5.0,712
2014-07-11,5.0,712
2014-07-12,4.0,712
2014-07-13,6.0,712
2014-07-14,4.0,712
2014-07-15,5.0,712
2014-07-16,5.0,712
2014-07-17,4.0,712
2014-07-18,5.0,712
2014-07-19,5.0,712
2014-07-20,5.0,712
2014-07-21,4.0,712
2014-07-22,5.0,712
2014-07-23,5.0,712
2014-07-24,4.0,712
2014-07-25,6.0,712
2014-07-26,4.0,712
2014-07-27,3.0,712
2014-07-28,6.0,712
2014-07-29,5.0,712
2014-07-30,0.0,712
2014-07-31,60.0,712
2014-08-01,76.0,712
2014-08-02,40.0,712
2014-08-03,17.0,712
2014-08-04,5.0,712
2014-08-05,6.0,712
2014-08-06,4.0,712
2014-08-07,4.0,712
2014-08-08,6.0,712
2014-08-09,4.0,712
2014-08-10,4.0,712
2014-08-11,5.0,712
2014-08-12,4.0,712
2014-08-13,4.0,712
2014-08-14,5.0,712
2014-08-15,4.0,712
2014-08-16,4.0,712
2014-08-17,4.0,712
2014-08-18,5.0,712
2014-08-19,4.0,712
2014-08-20,5.0,712
2014-08-21,4.0,712
2014-08-22,4.0,712
2014-08-23,5.0,712
2014-08-24,5.0,712
2014-08-25,3.0,712
2014-08-26,6.0,712
2014-08-27,4.0,712
2014-08-28,2.0,712
2014-08-29,7.0,712
2014-07-01,47.0,714
2014-07-02,28.0,714
2014-07-03,10.0,714
2014-07-04,3.0,714
2014-07-05,0.0,714
2014-07-06,0.0,714
2014-07-07,1.0,714
2014-07-08,0.0,714
2014-07-09,0.0,714
2014-07-10,1.0,714
2014-07-11,0.0,714
2014-07-12,1.0,714
2014-07-13,1.0,714
2014-07-14,0.0,714
2014-07-15,0.0,714
2014-07-16,1.0,714
2014-07-17,0.0,714
2014-07-18,0.0,714
2014-07-19,1.0,714
2014-07-20,0.0,714
2014-07-21,0.0,714
2014-07-22,1.0,714
2014-07-23,0.0,714
2014-07-24,0.0,714
2014-07-25,1.0,714
2014-07-26,0.0,714
2014-07-27,0.0,714
2014-07-28,2.0,714
2014-07-29,0.0,714
2014-07-30,0.0,714
2014-07-31,28.0,714
2014-08-01,40.0,714
2014-08-02,19.0,714
2014-08-03,4.0,714
2014-08-04,0.0,714
2014-08-05,1.0,714
2014-08-06,0.0,714
2014-08-07,0.0,714
2014-08-08,1.0,714
2014-08-09,0.0,714
2014-08-10,0.0,714
2014-08-11,1.0,714
2014-08-12,0.0,714
2014-08-13,0.0,714
2014-08-14,1.0,714
2014-08-15,0.0,714
2014-08-16,0.0,714
2014-08-17,0.0,714
2014-08-18,0.0,714
2014-08-19,0.0,714
2014-08-20,1.0,714
2014-08-21,0.0,714
2014-08-22,0.0,714
2014-08-23,1.0,714
2014-08-24,0.0,714
2014-08-25,0.0,714
2014-08-26,1.0,714
2014-08-27,0.0,714
2014-08-28,0.0,714
2014-08-29,2.0,714
2014-07-01,86.0,715
2014-07-02,49.0,715
2014-07-03,23.0,715
2014-07-04,5.0,715
2014-07-05,0.0,715
2014-07-06,0.0,715
2014-07-07,1.0,715
2014-07-08,0.0,715
2014-07-09,0.0,715
2014-07-10,0.0,715
2014-07-11,0.0,715
2014-07-12,0.0,715
2014-07-13,0.0,715
2014-07-14,0.0,715
2014-07-15,0.0,715
2014-07-16,0.0,715
2014-07-17,0.0,715
2014-07-18,0.0,715
2014-07-19,0.0,715
2014-07-20,0.0,715
2014-07-21,0.0,715
2014-07-22,0.0,715
2014-07-23,0.0,715
2014-07-24,0.0,715
2014-07-25,1.0,715
2014-07-26,0.0,715
2014-07-27,0.0,715
2014-07-28,1.0,715
2014-07-29,0.0,715
2014-07-30,0.0,715
2014-07-31,51.0,715
2014-08-01,72.0,715
2014-08-02,36.0,715
2014-08-03,10.0,715
2014-08-04,0.0,715
2014-08-05,0.0,715
2014-08-06,0.0,715
2014-08-07,0.0,715
2014-08-08,0.0,715
2014-08-09,0.0,715
2014-08-10,0.0,715
2014-08-11,0.0,715
2014-08-12,0.0,715
2014-08-13,0.0,715
2014-08-14,0.0,715
2014-08-15,0.0,715
2014-08-16,0.0,715
2014-08-17,0.0,715
2014-08-18,0.0,715
2014-08-19,0.0,715
2014-08-20,0.0,715
2014-08-21,0.0,715
2014-08-22,0.0,715
2014-08-23,0.0,715
2014-08-24,0.0,715
2014-08-25,0.0,715
2014-08-26,0.0,715
2014-08-27,0.0,715
2014-08-28,0.0,715
2014-08-29,2.0,715
2014-07-01,31.0,716
2014-07-02,25.0,716
2014-07-03,10.0,716
2014-07-04,3.0,716
2014-07-05,0.0,716
2014-07-06,0.0,716
2014-07-07,1.0,716
2014-07-08,0.0,716
2014-07-09,0.0,716
2014-07-10,0.0,716
2014-07-11,0.0,716
2014-07-12,0.0,716
2014-07-13,0.0,716
2014-07-14,0.0,716
2014-07-15,0.0,716
2014-07-16,0.0,716
2014-07-17,0.0,716
2014-07-18,0.0,716
2014-07-19,0.0,716
2014-07-20,0.0,716
2014-07-21,0.0,716
2014-07-22,0.0,716
2014-07-23,0.0,716
2014-07-24,0.0,716
2014-07-25,0.0,716
2014-07-26,0.0,716
2014-07-27,0.0,716
2014-07-28,1.0,716
2014-07-29,0.0,716
2014-07-30,0.0,716
2014-07-31,19.0,716
2014-08-01,30.0,716
2014-08-02,17.0,716
2014-08-03,5.0,716
2014-08-04,0.0,716
2014-08-05,0.0,716
2014-08-06,0.0,716
2014-08-07,0.0,716
2014-08-08,0.0,716
2014-08-09,0.0,716
2014-08-10,0.0,716
2014-08-11,0.0,716
2014-08-12,0.0,716
2014-08-13,0.0,716
2014-08-14,0.0,716
2014-08-15,0.0,716
2014-08-16,0.0,716
2014-08-17,0.0,716
2014-08-18,0.0,716
2014-08-19,0.0,716
2014-08-20,0.0,716
2014-08-21,0.0,716
2014-08-22,0.0,716
2014-08-23,0.0,716
2014-08-24,0.0,716
2014-08-25,0.0,716
2014-08-26,0.0,716
2014-08-27,0.0,716
2014-08-28,0.0,716
2014-08-29,0.0,716
2014-05-02,16.0,738
2014-05-03,7.0,738
2014-05-04,2.0,738
2014-05-05,0.0,738
2014-05-06,0.0,738
2014-05-07,1.0,738
2014-05-08,0.0,738
2014-05-09,0.0,738
2014-05-10,0.0,738
2014-05-11,0.0,738
2014-05-12,0.0,738
2014-05-13,0.0,738
2014-05-14,0.0,738
2014-05-15,0.0,738
2014-05-16,0.0,738
2014-05-17,0.0,738
2014-05-18,0.0,738
2014-05-19,0.0,738
2014-05-20,0.0,738
2014-05-21,0.0,738
2014-05-22,0.0,738
2014-05-23,0.0,738
2014-05-24,0.0,738
2014-05-25,0.0,738
2014-05-26,0.0,738
2014-05-27,0.0,738
2014-05-28,1.0,738
2014-05-29,1.0,738
2014-05-30,0.0,738
2014-05-31,13.0,738
2014-06-01,19.0,738
2014-06-02,11.0,738
2014-06-03,4.0,738
2014-06-04,0.0,738
2014-06-05,1.0,738
2014-06-06,0.0,738
2014-06-07,0.0,738
2014-06-08,0.0,738
2014-06-09,0.0,738
2014-06-10,0.0,738
2014-06-11,0.0,738
2014-06-12,0.0,738
2014-06-13,0.0,738
2014-06-14,0.0,738
2014-06-15,0.0,738
2014-06-16,0.0,738
2014-06-17,0.0,738
2014-06-18,0.0,738
2014-06-19,0.0,738
2014-06-20,0.0,738
2014-06-21,0.0,738
2014-06-22,0.0,738
2014-06-23,0.0,738
2014-06-24,0.0,738
2014-06-25,0.0,738
2014-06-26,0.0,738
2014-06-27,0.0,738
2014-06-28,0.0,738
2014-06-29,1.0,738
2014-06-30,2.0,738
2014-05-02,12.0,743
2014-05-03,5.0,743
2014-05-04,2.0,743
2014-05-05,1.0,743
2014-05-06,1.0,743
2014-05-07,1.0,743
2014-05-08,1.0,743
2014-05-09,1.0,743
2014-05-10,1.0,743
2014-05-11,1.0,743
2014-05-12,1.0,743
2014-05-13,1.0,743
2014-05-14,1.0,743
2014-05-15,1.0,743
2014-05-16,1.0,743
2014-05-17,1.0,743
2014-05-18,1.0,743
2014-05-19,1.0,743
2014-05-20,1.0,743
2014-05-21,1.0,743
2014-05-22,1.0,743
2014-05-23,1.0,743
2014-05-24,1.0,743
2014-05-25,1.0,743
2014-05-26,1.0,743
2014-05-27,1.0,743
2014-05-28,1.0,743
2014-05-29,1.0,743
2014-05-30,0.0,743
2014-05-31,11.0,743
2014-06-01,15.0,743
2014-06-02,8.0,743
2014-06-03,3.0,743
2014-06-04,1.0,743
2014-06-05,1.0,743
2014-06-06,1.0,743
2014-06-07,1.0,743
2014-06-08,1.0,743
2014-06-09,1.0,743
2014-06-10,1.0,743
2014-06-11,1.0,743
2014-06-12,1.0,743
2014-06-13,1.0,743
2014-06-14,1.0,743
2014-06-15,1.0,743
2014-06-16,1.0,743
2014-06-17,1.0,743
2014-06-18,1.0,743
2014-06-19,1.0,743
2014-06-20,1.0,743
2014-06-21,1.0,743
2014-06-22,1.0,743
2014-06-23,1.0,743
2014-06-24,1.0,743
2014-06-25,1.0,743
2014-06-26,1.0,743
2014-06-27,1.0,743
2014-06-28,0.0,743
2014-06-29,1.0,743
2014-06-30,2.0,743
2014-05-02,12.0,748
2014-05-03,5.0,748
2014-05-04,2.0,748
2014-05-05,0.0,748
2014-05-06,1.0,748
2014-05-07,1.0,748
2014-05-08,1.0,748
2014-05-09,1.0,748
2014-05-10,1.0,748
2014-05-11,1.0,748
2014-05-12,1.0,748
2014-05-13,1.0,748
2014-05-14,1.0,748
2014-05-15,1.0,748
2014-05-16,1.0,748
2014-05-17,1.0,748
2014-05-18,1.0,748
2014-05-19,1.0,748
2014-05-20,1.0,748
2014-05-21,1.0,748
2014-05-22,1.0,748
2014-05-23,1.0,748
2014-05-24,1.0,748
2014-05-25,1.0,748
2014-05-26,1.0,748
2014-05-27,0.0,748
2014-05-28,1.0,748
2014-05-29,1.0,748
2014-05-30,0.0,748
2014-05-31,12.0,748
2014-06-01,14.0,748
2014-06-02,10.0,748
2014-06-03,3.0,748
2014-06-04,1.0,748
2014-06-05,1.0,748
2014-06-06,1.0,748
2014-06-07,1.0,748
2014-06-08,1.0,748
2014-06-09,1.0,748
2014-06-10,1.0,748
2014-06-11,1.0,748
2014-06-12,1.0,748
2014-06-13,1.0,748
2014-06-14,1.0,748
2014-06-15,1.0,748
2014-06-16,1.0,748
2014-06-17,1.0,748
2014-06-18,1.0,748
2014-06-19,1.0,748
2014-06-20,1.0,748
2014-06-21,1.0,748
2014-06-22,1.0,748
2014-06-23,1.0,748
2014-06-24,1.0,748
2014-06-25,0.0,748
2014-06-26,1.0,748
2014-06-27,1.0,748
2014-06-28,0.0,748
2014-06-29,1.0,748
2014-06-30,2.0,748
2014-03-31,9.0,760
2014-04-01,17.0,760
2014-04-02,25.0,760
2014-04-03,9.0,760
2014-04-04,0.0,760
2014-04-05,0.0,760
2014-04-06,0.0,760
2014-04-07,0.0,760
2014-04-08,0.0,760
2014-04-09,0.0,760
2014-04-10,0.0,760
2014-04-11,0.0,760
2014-04-12,0.0,760
2014-04-13,0.0,760
2014-04-14,0.0,760
2014-04-15,0.0,760
2014-04-16,0.0,760
2014-04-17,0.0,760
2014-04-18,0.0,760
2014-04-19,0.0,760
2014-04-20,0.0,760
2014-04-21,0.0,760
2014-04-22,0.0,760
2014-04-23,0.0,760
2014-04-24,0.0,760
2014-04-25,0.0,760
2014-04-26,0.0,760
2014-04-27,0.0,760
2014-04-28,0.0,760
2014-04-29,0.0,760
2014-04-30,1.0,760
2014-05-01,13.0,760
2014-05-02,25.0,760
2014-05-03,16.0,760
2014-05-04,3.0,760
2014-05-05,0.0,760
2014-05-06,0.0,760
2014-05-07,0.0,760
2014-05-08,0.0,760
2014-05-09,0.0,760
2014-05-10,0.0,760
2014-05-11,0.0,760
2014-05-12,0.0,760
2014-05-13,0.0,760
2014-05-14,0.0,760
2014-05-15,0.0,760
2014-05-16,0.0,760
2014-05-17,0.0,760
2014-05-18,0.0,760
2014-05-19,0.0,760
2014-05-20,0.0,760
2014-05-21,0.0,760
2014-05-22,0.0,760
2014-05-23,0.0,760
2014-05-24,0.0,760
2014-05-25,0.0,760
2014-05-26,0.0,760
2014-05-27,0.0,760
2014-05-28,0.0,760
2014-05-29,0.0,760
2014-03-31,9.0,761
2014-04-01,14.0,761
2014-04-02,20.0,761
2014-04-03,8.0,761
2014-04-04,0.0,761
2014-04-05,0.0,761
2014-04-06,0.0,761
2014-04-07,0.0,761
2014-04-08,0.0,761
2014-04-09,0.0,761
2014-04-10,0.0,761
2014-04-11,0.0,761
2014-04-12,0.0,761
2014-04-13,0.0,761
2014-04-14,0.0,761
2014-04-15,0.0,761
2014-04-16,0.0,761
2014-04-17,0.0,761
2014-04-18,0.0,761
2014-04-19,0.0,761
2014-04-20,0.0,761
2014-04-21,0.0,761
2014-04-22,0.0,761
2014-04-23,0.0,761
2014-04-24,0.0,761
2014-04-25,0.0,761
2014-04-26,0.0,761
2014-04-27,0.0,761
2014-04-28,0.0,761
2014-04-29,0.0,761
2014-04-30,2.0,761
2014-05-01,11.0,761
2014-05-02,21.0,761
2014-05-03,13.0,761
2014-05-04,3.0,761
2014-05-05,0.0,761
2014-05-06,0.0,761
2014-05-07,0.0,761
2014-05-08,0.0,761
2014-05-09,0.0,761
2014-05-10,0.0,761
2014-05-11,0.0,761
2014-05-12,0.0,761
2014-05-13,0.0,761
2014-05-14,0.0,761
2014-05-15,0.0,761
2014-05-16,0.0,761
2014-05-17,0.0,761
2014-05-18,0.0,761
2014-05-19,0.0,761
2014-05-20,0.0,761
2014-05-21,0.0,761
2014-05-22,0.0,761
2014-05-23,0.0,761
2014-05-24,0.0,761
2014-05-25,0.0,761
2014-05-26,0.0,761
2014-05-27,0.0,761
2014-05-28,0.0,761
2014-05-29,0.0,761
2014-03-31,11.0,762
2014-04-01,17.0,762
2014-04-02,25.0,762
2014-04-03,8.0,762
2014-04-04,0.0,762
2014-04-05,0.0,762
2014-04-06,0.0,762
2014-04-07,0.0,762
2014-04-08,0.0,762
2014-04-09,0.0,762
2014-04-10,0.0,762
2014-04-11,0.0,762
2014-04-12,0.0,762
2014-04-13,0.0,762
2014-04-14,0.0,762
2014-04-15,0.0,762
2014-04-16,0.0,762
2014-04-17,0.0,762
2014-04-18,0.0,762
2014-04-19,0.0,762
2014-04-20,0.0,762
2014-04-21,0.0,762
2014-04-22,0.0,762
2014-04-23,0.0,762
2014-04-24,0.0,762
2014-04-25,0.0,762
2014-04-26,0.0,762
2014-04-27,0.0,762
2014-04-28,0.0,762
2014-04-29,0.0,762
2014-04-30,2.0,762
2014-05-01,13.0,762
2014-05-02,26.0,762
2014-05-03,15.0,762
2014-05-04,4.0,762
2014-05-05,0.0,762
2014-05-06,0.0,762
2014-05-07,0.0,762
2014-05-08,0.0,762
2014-05-09,0.0,762
2014-05-10,0.0,762
2014-05-11,0.0,762
2014-05-12,0.0,762
2014-05-13,0.0,762
2014-05-14,0.0,762
2014-05-15,0.0,762
2014-05-16,0.0,762
2014-05-17,0.0,762
2014-05-18,0.0,762
2014-05-19,0.0,762
2014-05-20,0.0,762
2014-05-21,0.0,762
2014-05-22,0.0,762
2014-05-23,0.0,762
2014-05-24,0.0,762
2014-05-25,0.0,762
2014-05-26,0.0,762
2014-05-27,0.0,762
2014-05-28,0.0,762
2014-05-29,0.0,762
2014-03-31,9.0,763
2014-04-01,15.0,763
2014-04-02,19.0,763
2014-04-03,8.0,763
2014-04-04,0.0,763
2014-04-05,0.0,763
2014-04-06,0.0,763
2014-04-07,0.0,763
2014-04-08,0.0,763
2014-04-09,0.0,763
2014-04-10,0.0,763
2014-04-11,0.0,763
2014-04-12,0.0,763
2014-04-13,0.0,763
2014-04-14,0.0,763
2014-04-15,0.0,763
2014-04-16,0.0,763
2014-04-17,0.0,763
2014-04-18,0.0,763
2014-04-19,0.0,763
2014-04-20,0.0,763
2014-04-21,0.0,763
2014-04-22,0.0,763
2014-04-23,0.0,763
2014-04-24,0.0,763
2014-04-25,0.0,763
2014-04-26,0.0,763
2014-04-27,0.0,763
2014-04-28,0.0,763
2014-04-29,0.0,763
2014-04-30,2.0,763
2014-05-01,11.0,763
2014-05-02,21.0,763
2014-05-03,13.0,763
2014-05-04,3.0,763
2014-05-05,0.0,763
2014-05-06,0.0,763
2014-05-07,0.0,763
2014-05-08,0.0,763
2014-05-09,0.0,763
2014-05-10,0.0,763
2014-05-11,0.0,763
2014-05-12,0.0,763
2014-05-13,0.0,763
2014-05-14,0.0,763
2014-05-15,0.0,763
2014-05-16,0.0,763
2014-05-17,0.0,763
2014-05-18,0.0,763
2014-05-19,0.0,763
2014-05-20,0.0,763
2014-05-21,0.0,763
2014-05-22,0.0,763
2014-05-23,0.0,763
2014-05-24,0.0,763
2014-05-25,0.0,763
2014-05-26,0.0,763
2014-05-27,0.0,763
2014-05-28,0.0,763
2014-05-29,0.0,763
2013-05-24,1.0,764
2013-05-25,1.0,764
2013-05-26,1.0,764
2013-05-27,1.0,764
2013-05-28,2.0,764
2013-05-29,0.0,764
2013-05-30,10.0,764
2013-05-31,14.0,764
2013-06-01,18.0,764
2013-06-02,8.0,764
2013-06-03,1.0,764
2013-06-04,2.0,764
2013-06-05,1.0,764
2013-06-06,1.0,764
2013-06-07,1.0,764
2013-06-08,1.0,764
2013-06-09,1.0,764
2013-06-10,1.0,764
2013-06-11,1.0,764
2013-06-12,1.0,764
2013-06-13,1.0,764
2013-06-14,1.0,764
2013-06-15,1.0,764
2013-06-16,1.0,764
2013-06-17,1.0,764
2013-06-18,1.0,764
2013-06-19,1.0,764
2013-06-20,1.0,764
2013-06-21,1.0,764
2013-06-22,1.0,764
2013-06-23,1.0,764
2013-06-24,1.0,764
2013-06-25,1.0,764
2013-06-26,1.0,764
2013-06-27,0.0,764
2013-06-28,1.0,764
2013-06-29,3.0,764
2013-06-30,11.0,764
2013-07-01,20.0,764
2013-07-02,11.0,764
2013-07-03,5.0,764
2013-07-04,1.0,764
2013-07-05,1.0,764
2013-07-06,1.0,764
2013-07-07,1.0,764
2013-07-08,1.0,764
2013-07-09,1.0,764
2013-07-10,1.0,764
2013-07-11,1.0,764
2013-07-12,1.0,764
2013-07-13,1.0,764
2013-07-14,1.0,764
2013-07-15,1.0,764
2013-07-16,1.0,764
2013-07-17,1.0,764
2013-07-18,1.0,764
2013-07-19,1.0,764
2013-07-20,1.0,764
2013-07-21,1.0,764
2013-07-22,1.0,764
2014-03-31,9.0,765
2014-04-01,15.0,765
2014-04-02,20.0,765
2014-04-03,7.0,765
2014-04-04,0.0,765
2014-04-05,0.0,765
2014-04-06,0.0,765
2014-04-07,0.0,765
2014-04-08,0.0,765
2014-04-09,0.0,765
2014-04-10,0.0,765
2014-04-11,0.0,765
2014-04-12,0.0,765
2014-04-13,0.0,765
2014-04-14,0.0,765
2014-04-15,0.0,765
2014-04-16,0.0,765
2014-04-17,0.0,765
2014-04-18,0.0,765
2014-04-19,0.0,765
2014-04-20,0.0,765
2014-04-21,0.0,765
2014-04-22,0.0,765
2014-04-23,0.0,765
2014-04-24,0.0,765
2014-04-25,0.0,765
2014-04-26,0.0,765
2014-04-27,0.0,765
2014-04-28,0.0,765
2014-04-29,0.0,765
2014-04-30,2.0,765
2014-05-01,11.0,765
2014-05-02,21.0,765
2014-05-03,13.0,765
2014-05-04,2.0,765
2014-05-05,0.0,765
2014-05-06,0.0,765
2014-05-07,0.0,765
2014-05-08,0.0,765
2014-05-09,0.0,765
2014-05-10,0.0,765
2014-05-11,0.0,765
2014-05-12,0.0,765
2014-05-13,0.0,765
2014-05-14,0.0,765
2014-05-15,0.0,765
2014-05-16,0.0,765
2014-05-17,0.0,765
2014-05-18,0.0,765
2014-05-19,0.0,765
2014-05-20,0.0,765
2014-05-21,0.0,765
2014-05-22,0.0,765
2014-05-23,0.0,765
2014-05-24,0.0,765
2014-05-25,0.0,765
2014-05-26,0.0,765
2014-05-27,0.0,765
2014-05-28,0.0,765
2014-05-29,0.0,765
2013-05-15,1.0,766
2013-05-16,1.0,766
2013-05-17,1.0,766
2013-05-18,1.0,766
2013-05-19,1.0,766
2013-05-20,1.0,766
2013-05-21,1.0,766
2013-05-22,1.0,766
2013-05-23,1.0,766
2013-05-24,1.0,766
2013-05-25,1.0,766
2013-05-26,0.0,766
2013-05-27,1.0,766
2013-05-28,2.0,766
2013-05-29,0.0,766
2013-05-30,10.0,766
2013-05-31,14.0,766
2013-06-01,18.0,766
2013-06-02,8.0,766
2013-06-03,1.0,766
2013-06-04,2.0,766
2013-06-05,1.0,766
2013-06-06,1.0,766
2013-06-07,1.0,766
2013-06-08,1.0,766
2013-06-09,1.0,766
2013-06-10,1.0,766
2013-06-11,1.0,766
2013-06-12,1.0,766
2013-06-13,1.0,766
2013-06-14,1.0,766
2013-06-15,1.0,766
2013-06-16,1.0,766
2013-06-17,1.0,766
2013-06-18,1.0,766
2013-06-19,1.0,766
2013-06-20,1.0,766
2013-06-21,1.0,766
2013-06-22,1.0,766
2013-06-23,1.0,766
2013-06-24,1.0,766
2013-06-25,1.0,766
2013-06-26,1.0,766
2013-06-27,0.0,766
2013-06-28,1.0,766
2013-06-29,4.0,766
2013-06-30,10.0,766
2013-07-01,20.0,766
2013-07-02,11.0,766
2013-07-03,5.0,766
2013-07-04,1.0,766
2013-07-05,1.0,766
2013-07-06,1.0,766
2013-07-07,1.0,766
2013-07-08,1.0,766
2013-07-09,1.0,766
2013-07-10,1.0,766
2013-07-11,1.0,766
2013-07-12,1.0,766
2013-07-13,1.0,766
2013-05-29,0.0,768
2013-05-30,9.0,768
2013-05-31,13.0,768
2013-06-01,17.0,768
2013-06-02,8.0,768
2013-06-03,1.0,768
2013-06-04,1.0,768
2013-06-05,1.0,768
2013-06-06,1.0,768
2013-06-07,1.0,768
2013-06-08,1.0,768
2013-06-09,1.0,768
2013-06-10,1.0,768
2013-06-11,1.0,768
2013-06-12,1.0,768
2013-06-13,1.0,768
2013-06-14,1.0,768
2013-06-15,1.0,768
2013-06-16,1.0,768
2013-06-17,1.0,768
2013-06-18,1.0,768
2013-06-19,1.0,768
2013-06-20,1.0,768
2013-06-21,1.0,768
2013-06-22,1.0,768
2013-06-23,1.0,768
2013-06-24,1.0,768
2013-06-25,1.0,768
2013-06-26,1.0,768
2013-06-27,0.0,768
2013-06-28,1.0,768
2013-06-29,4.0,768
2013-06-30,10.0,768
2013-07-01,19.0,768
2013-07-02,11.0,768
2013-07-03,4.0,768
2013-07-04,1.0,768
2013-07-05,1.0,768
2013-07-06,1.0,768
2013-07-07,1.0,768
2013-07-08,1.0,768
2013-07-09,1.0,768
2013-07-10,1.0,768
2013-07-11,1.0,768
2013-07-12,1.0,768
2013-07-13,1.0,768
2013-07-14,1.0,768
2013-07-15,1.0,768
2013-07-16,1.0,768
2013-07-17,1.0,768
2013-07-18,1.0,768
2013-07-19,1.0,768
2013-07-20,1.0,768
2013-07-21,1.0,768
2013-07-22,1.0,768
2013-07-23,1.0,768
2013-07-24,1.0,768
2013-07-25,1.0,768
2013-07-26,0.0,768
2013-07-27,1.0,768
2014-01-01,16.0,770
2014-01-02,2.0,770
2014-01-03,0.0,770
2014-01-04,0.0,770
2014-01-05,0.0,770
2014-01-06,0.0,770
2014-01-07,0.0,770
2014-01-08,0.0,770
2014-01-09,0.0,770
2014-01-10,0.0,770
2014-01-11,0.0,770
2014-01-12,0.0,770
2014-01-13,0.0,770
2014-01-14,0.0,770
2014-01-15,0.0,770
2014-01-16,0.0,770
2014-01-17,0.0,770
2014-01-18,0.0,770
2014-01-19,0.0,770
2014-01-20,0.0,770
2014-01-21,0.0,770
2014-01-22,0.0,770
2014-01-23,0.0,770
2014-01-24,0.0,770
2014-01-25,0.0,770
2014-01-26,0.0,770
2014-01-27,0.0,770
2014-01-28,0.0,770
2014-01-29,10.0,770
2014-01-30,16.0,770
2014-01-31,24.0,770
2014-02-01,9.0,770
2014-02-02,0.0,770
2014-02-03,0.0,770
2014-02-04,0.0,770
2014-02-05,0.0,770
2014-02-06,0.0,770
2014-02-07,0.0,770
2014-02-08,0.0,770
2014-02-09,0.0,770
2014-02-10,0.0,770
2014-02-11,0.0,770
2014-02-12,0.0,770
2014-02-13,0.0,770
2014-02-14,0.0,770
2014-02-15,0.0,770
2014-02-16,0.0,770
2014-02-17,0.0,770
2014-02-18,0.0,770
2014-02-19,0.0,770
2014-02-20,0.0,770
2014-02-21,0.0,770
2014-02-22,0.0,770
2014-02-23,0.0,770
2014-02-24,0.0,770
2014-02-25,0.0,770
2014-02-26,0.0,770
2014-02-27,0.0,770
2014-02-28,0.0,770
2014-03-01,11.0,770
2014-05-31,33.0,779
2014-06-01,29.0,779
2014-06-02,25.0,779
2014-06-03,0.0,779
2014-06-04,3.0,779
2014-06-05,3.0,779
2014-06-06,1.0,779
2014-06-07,3.0,779
2014-06-08,3.0,779
2014-06-09,2.0,779
2014-06-10,3.0,779
2014-06-11,3.0,779
2014-06-12,2.0,779
2014-06-13,3.0,779
2014-06-14,3.0,779
2014-06-15,2.0,779
2014-06-16,2.0,779
2014-06-17,3.0,779
2014-06-18,2.0,779
2014-06-19,3.0,779
2014-06-20,3.0,779
2014-06-21,2.0,779
2014-06-22,2.0,779
2014-06-23,3.0,779
2014-06-24,2.0,779
2014-06-25,2.0,779
2014-06-26,3.0,779
2014-06-27,3.0,779
2014-06-28,1.0,779
2014-06-29,5.0,779
2014-06-30,6.0,779
2014-07-01,44.0,779
2014-07-02,25.0,779
2014-07-03,10.0,779
2014-07-04,4.0,779
2014-07-05,1.0,779
2014-07-06,3.0,779
2014-07-07,4.0,779
2014-07-08,2.0,779
2014-07-09,3.0,779
2014-07-10,3.0,779
2014-07-11,2.0,779
2014-07-12,3.0,779
2014-07-13,3.0,779
2014-07-14,3.0,779
2014-07-15,2.0,779
2014-07-16,3.0,779
2014-07-17,3.0,779
2014-07-18,3.0,779
2014-07-19,4.0,779
2014-07-20,3.0,779
2014-07-21,2.0,779
2014-07-22,4.0,779
2014-07-23,2.0,779
2014-07-24,3.0,779
2014-07-25,4.0,779
2014-07-26,2.0,779
2014-07-27,2.0,779
2014-07-28,4.0,779
2014-07-29,3.0,779
2014-05-31,29.0,780
2014-06-01,26.0,780
2014-06-02,27.0,780
2014-06-03,0.0,780
2014-06-04,2.0,780
2014-06-05,3.0,780
2014-06-06,1.0,780
2014-06-07,2.0,780
2014-06-08,3.0,780
2014-06-09,1.0,780
2014-06-10,2.0,780
2014-06-11,3.0,780
2014-06-12,2.0,780
2014-06-13,2.0,780
2014-06-14,2.0,780
2014-06-15,2.0,780
2014-06-16,1.0,780
2014-06-17,2.0,780
2014-06-18,2.0,780
2014-06-19,2.0,780
2014-06-20,2.0,780
2014-06-21,2.0,780
2014-06-22,1.0,780
2014-06-23,3.0,780
2014-06-24,2.0,780
2014-06-25,1.0,780
2014-06-26,3.0,780
2014-06-27,2.0,780
2014-06-28,1.0,780
2014-06-29,4.0,780
2014-06-30,6.0,780
2014-07-01,35.0,780
2014-07-02,28.0,780
2014-07-03,9.0,780
2014-07-04,3.0,780
2014-07-05,1.0,780
2014-07-06,2.0,780
2014-07-07,2.0,780
2014-07-08,2.0,780
2014-07-09,2.0,780
2014-07-10,2.0,780
2014-07-11,1.0,780
2014-07-12,3.0,780
2014-07-13,2.0,780
2014-07-14,2.0,780
2014-07-15,2.0,780
2014-07-16,2.0,780
2014-07-17,2.0,780
2014-07-18,2.0,780
2014-07-19,3.0,780
2014-07-20,2.0,780
2014-07-21,2.0,780
2014-07-22,3.0,780
2014-07-23,2.0,780
2014-07-24,2.0,780
2014-07-25,3.0,780
2014-07-26,2.0,780
2014-07-27,1.0,780
2014-07-28,4.0,780
2014-07-29,2.0,780
2014-05-31,28.0,781
2014-06-01,26.0,781
2014-06-02,25.0,781
2014-06-03,0.0,781
2014-06-04,2.0,781
2014-06-05,3.0,781
2014-06-06,1.0,781
2014-06-07,2.0,781
2014-06-08,2.0,781
2014-06-09,2.0,781
2014-06-10,2.0,781
2014-06-11,3.0,781
2014-06-12,1.0,781
2014-06-13,2.0,781
2014-06-14,2.0,781
2014-06-15,2.0,781
2014-06-16,2.0,781
2014-06-17,2.0,781
2014-06-18,2.0,781
2014-06-19,2.0,781
2014-06-20,3.0,781
2014-06-21,2.0,781
2014-06-22,1.0,781
2014-06-23,2.0,781
2014-06-24,2.0,781
2014-06-25,1.0,781
2014-06-26,3.0,781
2014-06-27,2.0,781
2014-06-28,0.0,781
2014-06-29,4.0,781
2014-06-30,6.0,781
2014-07-01,34.0,781
2014-07-02,28.0,781
2014-07-03,8.0,781
2014-07-04,3.0,781
2014-07-05,1.0,781
2014-07-06,2.0,781
2014-07-07,3.0,781
2014-07-08,2.0,781
2014-07-09,1.0,781
2014-07-10,3.0,781
2014-07-11,2.0,781
2014-07-12,2.0,781
2014-07-13,2.0,781
2014-07-14,2.0,781
2014-07-15,2.0,781
2014-07-16,3.0,781
2014-07-17,2.0,781
2014-07-18,2.0,781
2014-07-19,2.0,781
2014-07-20,2.0,781
2014-07-21,2.0,781
2014-07-22,2.0,781
2014-07-23,2.0,781
2014-07-24,1.0,781
2014-07-25,2.0,781
2014-07-26,2.0,781
2014-07-27,1.0,781
2014-07-28,3.0,781
2014-07-29,2.0,781
2014-05-31,43.0,782
2014-06-01,39.0,782
2014-06-02,30.0,782
2014-06-03,0.0,782
2014-06-04,3.0,782
2014-06-05,3.0,782
2014-06-06,1.0,782
2014-06-07,2.0,782
2014-06-08,3.0,782
2014-06-09,1.0,782
2014-06-10,2.0,782
2014-06-11,3.0,782
2014-06-12,2.0,782
2014-06-13,2.0,782
2014-06-14,3.0,782
2014-06-15,2.0,782
2014-06-16,2.0,782
2014-06-17,3.0,782
2014-06-18,2.0,782
2014-06-19,2.0,782
2014-06-20,3.0,782
2014-06-21,2.0,782
2014-06-22,2.0,782
2014-06-23,4.0,782
2014-06-24,2.0,782
2014-06-25,2.0,782
2014-06-26,3.0,782
2014-06-27,2.0,782
2014-06-28,1.0,782
2014-06-29,5.0,782
2014-06-30,7.0,782
2014-07-01,57.0,782
2014-07-02,31.0,782
2014-07-03,13.0,782
2014-07-04,3.0,782
2014-07-05,1.0,782
2014-07-06,3.0,782
2014-07-07,3.0,782
2014-07-08,2.0,782
2014-07-09,2.0,782
2014-07-10,3.0,782
2014-07-11,2.0,782
2014-07-12,2.0,782
2014-07-13,3.0,782
2014-07-14,2.0,782
2014-07-15,2.0,782
2014-07-16,3.0,782
2014-07-17,2.0,782
2014-07-18,2.0,782
2014-07-19,3.0,782
2014-07-20,2.0,782
2014-07-21,2.0,782
2014-07-22,3.0,782
2014-07-23,2.0,782
2014-07-24,3.0,782
2014-07-25,3.0,782
2014-07-26,2.0,782
2014-07-27,1.0,782
2014-07-28,4.0,782
2014-07-29,2.0,782
2014-05-31,36.0,783
2014-06-01,32.0,783
2014-06-02,30.0,783
2014-06-03,0.0,783
2014-06-04,3.0,783
2014-06-05,3.0,783
2014-06-06,2.0,783
2014-06-07,2.0,783
2014-06-08,3.0,783
2014-06-09,1.0,783
2014-06-10,2.0,783
2014-06-11,3.0,783
2014-06-12,2.0,783
2014-06-13,2.0,783
2014-06-14,3.0,783
2014-06-15,1.0,783
2014-06-16,2.0,783
2014-06-17,3.0,783
2014-06-18,2.0,783
2014-06-19,2.0,783
2014-06-20,2.0,783
2014-06-21,2.0,783
2014-06-22,2.0,783
2014-06-23,3.0,783
2014-06-24,1.0,783
2014-06-25,2.0,783
2014-06-26,3.0,783
2014-06-27,2.0,783
2014-06-28,1.0,783
2014-06-29,5.0,783
2014-06-30,5.0,783
2014-07-01,47.0,783
2014-07-02,29.0,783
2014-07-03,13.0,783
2014-07-04,3.0,783
2014-07-05,1.0,783
2014-07-06,3.0,783
2014-07-07,3.0,783
2014-07-08,1.0,783
2014-07-09,2.0,783
2014-07-10,3.0,783
2014-07-11,2.0,783
2014-07-12,2.0,783
2014-07-13,2.0,783
2014-07-14,2.0,783
2014-07-15,2.0,783
2014-07-16,2.0,783
2014-07-17,2.0,783
2014-07-18,2.0,783
2014-07-19,3.0,783
2014-07-20,2.0,783
2014-07-21,2.0,783
2014-07-22,3.0,783
2014-07-23,2.0,783
2014-07-24,2.0,783
2014-07-25,3.0,783
2014-07-26,2.0,783
2014-07-27,1.0,783
2014-07-28,4.0,783
2014-07-29,2.0,783
2014-05-30,0.0,784
2014-05-31,26.0,784
2014-06-01,26.0,784
2014-06-02,19.0,784
2014-06-03,1.0,784
2014-06-04,2.0,784
2014-06-05,3.0,784
2014-06-06,1.0,784
2014-06-07,2.0,784
2014-06-08,2.0,784
2014-06-09,2.0,784
2014-06-10,2.0,784
2014-06-11,2.0,784
2014-06-12,2.0,784
2014-06-13,2.0,784
2014-06-14,2.0,784
2014-06-15,2.0,784
2014-06-16,2.0,784
2014-06-17,2.0,784
2014-06-18,2.0,784
2014-06-19,2.0,784
2014-06-20,2.0,784
2014-06-21,2.0,784
2014-06-22,2.0,784
2014-06-23,3.0,784
2014-06-24,2.0,784
2014-06-25,1.0,784
2014-06-26,3.0,784
2014-06-27,2.0,784
2014-06-28,1.0,784
2014-06-29,3.0,784
2014-06-30,4.0,784
2014-07-01,36.0,784
2014-07-02,21.0,784
2014-07-03,9.0,784
2014-07-04,3.0,784
2014-07-05,1.0,784
2014-07-06,3.0,784
2014-07-07,2.0,784
2014-07-08,1.0,784
2014-07-09,2.0,784
2014-07-10,2.0,784
2014-07-11,2.0,784
2014-07-12,2.0,784
2014-07-13,3.0,784
2014-07-14,1.0,784
2014-07-15,2.0,784
2014-07-16,2.0,784
2014-07-17,2.0,784
2014-07-18,2.0,784
2014-07-19,2.0,784
2014-07-20,2.0,784
2014-07-21,2.0,784
2014-07-22,2.0,784
2014-07-23,2.0,784
2014-07-24,2.0,784
2014-07-25,2.0,784
2014-07-26,2.0,784
2014-07-27,2.0,784
2014-07-28,3.0,784
2014-05-30,0.0,793
2014-05-31,24.0,793
2014-06-01,21.0,793
2014-06-02,17.0,793
2014-06-03,0.0,793
2014-06-04,0.0,793
2014-06-05,1.0,793
2014-06-06,0.0,793
2014-06-07,0.0,793
2014-06-08,1.0,793
2014-06-09,0.0,793
2014-06-10,0.0,793
2014-06-11,1.0,793
2014-06-12,0.0,793
2014-06-13,0.0,793
2014-06-14,1.0,793
2014-06-15,0.0,793
2014-06-16,0.0,793
2014-06-17,1.0,793
2014-06-18,0.0,793
2014-06-19,0.0,793
2014-06-20,1.0,793
2014-06-21,0.0,793
2014-06-22,0.0,793
2014-06-23,1.0,793
2014-06-24,0.0,793
2014-06-25,0.0,793
2014-06-26,1.0,793
2014-06-27,1.0,793
2014-06-28,0.0,793
2014-06-29,2.0,793
2014-06-30,4.0,793
2014-07-01,29.0,793
2014-07-02,19.0,793
2014-07-03,6.0,793
2014-07-04,1.0,793
2014-07-05,0.0,793
2014-07-06,0.0,793
2014-07-07,1.0,793
2014-07-08,0.0,793
2014-07-09,0.0,793
2014-07-10,0.0,793
2014-07-11,0.0,793
2014-07-12,0.0,793
2014-07-13,1.0,793
2014-07-14,0.0,793
2014-07-15,0.0,793
2014-07-16,1.0,793
2014-07-17,0.0,793
2014-07-18,0.0,793
2014-07-19,1.0,793
2014-07-20,0.0,793
2014-07-21,0.0,793
2014-07-22,1.0,793
2014-07-23,0.0,793
2014-07-24,0.0,793
2014-07-25,1.0,793
2014-07-26,0.0,793
2014-07-27,0.0,793
2014-07-28,1.0,793
2014-05-31,21.0,794
2014-06-01,18.0,794
2014-06-02,16.0,794
2014-06-03,0.0,794
2014-06-04,1.0,794
2014-06-05,1.0,794
2014-06-06,0.0,794
2014-06-07,1.0,794
2014-06-08,1.0,794
2014-06-09,0.0,794
2014-06-10,1.0,794
2014-06-11,1.0,794
2014-06-12,1.0,794
2014-06-13,0.0,794
2014-06-14,1.0,794
2014-06-15,0.0,794
2014-06-16,0.0,794
2014-06-17,1.0,794
2014-06-18,1.0,794
2014-06-19,0.0,794
2014-06-20,1.0,794
2014-06-21,0.0,794
2014-06-22,1.0,794
2014-06-23,1.0,794
2014-06-24,1.0,794
2014-06-25,0.0,794
2014-06-26,1.0,794
2014-06-27,1.0,794
2014-06-28,0.0,794
2014-06-29,2.0,794
2014-06-30,4.0,794
2014-07-01,26.0,794
2014-07-02,17.0,794
2014-07-03,6.0,794
2014-07-04,1.0,794
2014-07-05,0.0,794
2014-07-06,1.0,794
2014-07-07,1.0,794
2014-07-08,0.0,794
2014-07-09,0.0,794
2014-07-10,1.0,794
2014-07-11,1.0,794
2014-07-12,1.0,794
2014-07-13,1.0,794
2014-07-14,0.0,794
2014-07-15,0.0,794
2014-07-16,1.0,794
2014-07-17,0.0,794
2014-07-18,0.0,794
2014-07-19,1.0,794
2014-07-20,0.0,794
2014-07-21,1.0,794
2014-07-22,1.0,794
2014-07-23,1.0,794
2014-07-24,0.0,794
2014-07-25,1.0,794
2014-07-26,0.0,794
2014-07-27,0.0,794
2014-07-28,1.0,794
2014-07-29,1.0,794
2014-05-28,1.0,795
2014-05-29,1.0,795
2014-05-30,0.0,795
2014-05-31,17.0,795
2014-06-01,14.0,795
2014-06-02,13.0,795
2014-06-03,0.0,795
2014-06-04,1.0,795
2014-06-05,1.0,795
2014-06-06,0.0,795
2014-06-07,1.0,795
2014-06-08,1.0,795
2014-06-09,0.0,795
2014-06-10,1.0,795
2014-06-11,0.0,795
2014-06-12,0.0,795
2014-06-13,0.0,795
2014-06-14,1.0,795
2014-06-15,0.0,795
2014-06-16,0.0,795
2014-06-17,1.0,795
2014-06-18,0.0,795
2014-06-19,1.0,795
2014-06-20,1.0,795
2014-06-21,0.0,795
2014-06-22,0.0,795
2014-06-23,1.0,795
2014-06-24,1.0,795
2014-06-25,0.0,795
2014-06-26,1.0,795
2014-06-27,1.0,795
2014-06-28,0.0,795
2014-06-29,2.0,795
2014-06-30,3.0,795
2014-07-01,20.0,795
2014-07-02,13.0,795
2014-07-03,5.0,795
2014-07-04,2.0,795
2014-07-05,0.0,795
2014-07-06,1.0,795
2014-07-07,1.0,795
2014-07-08,0.0,795
2014-07-09,0.0,795
2014-07-10,1.0,795
2014-07-11,0.0,795
2014-07-12,0.0,795
2014-07-13,1.0,795
2014-07-14,0.0,795
2014-07-15,0.0,795
2014-07-16,1.0,795
2014-07-17,0.0,795
2014-07-18,0.0,795
2014-07-19,1.0,795
2014-07-20,0.0,795
2014-07-21,1.0,795
2014-07-22,1.0,795
2014-07-23,0.0,795
2014-07-24,0.0,795
2014-07-25,1.0,795
2014-07-26,0.0,795
2014-05-29,1.0,797
2014-05-30,0.0,797
2014-05-31,25.0,797
2014-06-01,25.0,797
2014-06-02,18.0,797
2014-06-03,0.0,797
2014-06-04,1.0,797
2014-06-05,1.0,797
2014-06-06,1.0,797
2014-06-07,1.0,797
2014-06-08,1.0,797
2014-06-09,1.0,797
2014-06-10,1.0,797
2014-06-11,1.0,797
2014-06-12,1.0,797
2014-06-13,1.0,797
2014-06-14,1.0,797
2014-06-15,1.0,797
2014-06-16,1.0,797
2014-06-17,1.0,797
2014-06-18,1.0,797
2014-06-19,1.0,797
2014-06-20,2.0,797
2014-06-21,1.0,797
2014-06-22,1.0,797
2014-06-23,1.0,797
2014-06-24,1.0,797
2014-06-25,1.0,797
2014-06-26,1.0,797
2014-06-27,1.0,797
2014-06-28,0.0,797
2014-06-29,2.0,797
2014-06-30,4.0,797
2014-07-01,33.0,797
2014-07-02,22.0,797
2014-07-03,7.0,797
2014-07-04,2.0,797
2014-07-05,0.0,797
2014-07-06,1.0,797
2014-07-07,2.0,797
2014-07-08,1.0,797
2014-07-09,1.0,797
2014-07-10,1.0,797
2014-07-11,1.0,797
2014-07-12,1.0,797
2014-07-13,2.0,797
2014-07-14,1.0,797
2014-07-15,1.0,797
2014-07-16,2.0,797
2014-07-17,1.0,797
2014-07-18,1.0,797
2014-07-19,1.0,797
2014-07-20,1.0,797
2014-07-21,1.0,797
2014-07-22,2.0,797
2014-07-23,1.0,797
2014-07-24,1.0,797
2014-07-25,2.0,797
2014-07-26,1.0,797
2014-07-27,0.0,797
2014-05-31,22.0,798
2014-06-01,19.0,798
2014-06-02,18.0,798
2014-06-03,0.0,798
2014-06-04,1.0,798
2014-06-05,2.0,798
2014-06-06,1.0,798
2014-06-07,1.0,798
2014-06-08,2.0,798
2014-06-09,1.0,798
2014-06-10,1.0,798
2014-06-11,1.0,798
2014-06-12,1.0,798
2014-06-13,1.0,798
2014-06-14,2.0,798
2014-06-15,1.0,798
2014-06-16,1.0,798
2014-06-17,1.0,798
2014-06-18,1.0,798
2014-06-19,1.0,798
2014-06-20,1.0,798
2014-06-21,1.0,798
2014-06-22,1.0,798
2014-06-23,1.0,798
2014-06-24,1.0,798
2014-06-25,1.0,798
2014-06-26,2.0,798
2014-06-27,1.0,798
2014-06-28,0.0,798
2014-06-29,3.0,798
2014-06-30,4.0,798
2014-07-01,27.0,798
2014-07-02,18.0,798
2014-07-03,7.0,798
2014-07-04,2.0,798
2014-07-05,1.0,798
2014-07-06,1.0,798
2014-07-07,2.0,798
2014-07-08,1.0,798
2014-07-09,1.0,798
2014-07-10,2.0,798
2014-07-11,1.0,798
2014-07-12,1.0,798
2014-07-13,2.0,798
2014-07-14,1.0,798
2014-07-15,1.0,798
2014-07-16,1.0,798
2014-07-17,1.0,798
2014-07-18,1.0,798
2014-07-19,1.0,798
2014-07-20,1.0,798
2014-07-21,1.0,798
2014-07-22,1.0,798
2014-07-23,1.0,798
2014-07-24,1.0,798
2014-07-25,2.0,798
2014-07-26,1.0,798
2014-07-27,0.0,798
2014-07-28,2.0,798
2014-07-29,2.0,798
2014-05-29,1.0,799
2014-05-30,0.0,799
2014-05-31,17.0,799
2014-06-01,15.0,799
2014-06-02,13.0,799
2014-06-03,0.0,799
2014-06-04,2.0,799
2014-06-05,2.0,799
2014-06-06,1.0,799
2014-06-07,1.0,799
2014-06-08,2.0,799
2014-06-09,1.0,799
2014-06-10,1.0,799
2014-06-11,1.0,799
2014-06-12,1.0,799
2014-06-13,1.0,799
2014-06-14,2.0,799
2014-06-15,1.0,799
2014-06-16,1.0,799
2014-06-17,2.0,799
2014-06-18,1.0,799
2014-06-19,1.0,799
2014-06-20,2.0,799
2014-06-21,2.0,799
2014-06-22,1.0,799
2014-06-23,2.0,799
2014-06-24,1.0,799
2014-06-25,1.0,799
2014-06-26,2.0,799
2014-06-27,1.0,799
2014-06-28,1.0,799
2014-06-29,2.0,799
2014-06-30,3.0,799
2014-07-01,22.0,799
2014-07-02,13.0,799
2014-07-03,6.0,799
2014-07-04,2.0,799
2014-07-05,1.0,799
2014-07-06,2.0,799
2014-07-07,2.0,799
2014-07-08,1.0,799
2014-07-09,2.0,799
2014-07-10,2.0,799
2014-07-11,1.0,799
2014-07-12,1.0,799
2014-07-13,2.0,799
2014-07-14,1.0,799
2014-07-15,2.0,799
2014-07-16,1.0,799
2014-07-17,1.0,799
2014-07-18,2.0,799
2014-07-19,2.0,799
2014-07-20,1.0,799
2014-07-21,1.0,799
2014-07-22,2.0,799
2014-07-23,1.0,799
2014-07-24,1.0,799
2014-07-25,2.0,799
2014-07-26,1.0,799
2014-07-27,1.0,799
2014-05-30,0.0,801
2014-05-31,27.0,801
2014-06-01,26.0,801
2014-06-02,18.0,801
2014-06-03,0.0,801
2014-06-04,1.0,801
2014-06-05,2.0,801
2014-06-06,1.0,801
2014-06-07,1.0,801
2014-06-08,2.0,801
2014-06-09,1.0,801
2014-06-10,1.0,801
2014-06-11,1.0,801
2014-06-12,1.0,801
2014-06-13,1.0,801
2014-06-14,2.0,801
2014-06-15,1.0,801
2014-06-16,1.0,801
2014-06-17,1.0,801
2014-06-18,1.0,801
2014-06-19,1.0,801
2014-06-20,1.0,801
2014-06-21,1.0,801
2014-06-22,1.0,801
2014-06-23,2.0,801
2014-06-24,1.0,801
2014-06-25,1.0,801
2014-06-26,2.0,801
2014-06-27,1.0,801
2014-06-28,0.0,801
2014-06-29,2.0,801
2014-06-30,4.0,801
2014-07-01,35.0,801
2014-07-02,20.0,801
2014-07-03,7.0,801
2014-07-04,2.0,801
2014-07-05,0.0,801
2014-07-06,1.0,801
2014-07-07,1.0,801
2014-07-08,1.0,801
2014-07-09,1.0,801
2014-07-10,1.0,801
2014-07-11,1.0,801
2014-07-12,1.0,801
2014-07-13,1.0,801
2014-07-14,1.0,801
2014-07-15,1.0,801
2014-07-16,2.0,801
2014-07-17,1.0,801
2014-07-18,1.0,801
2014-07-19,1.0,801
2014-07-20,1.0,801
2014-07-21,1.0,801
2014-07-22,1.0,801
2014-07-23,1.0,801
2014-07-24,1.0,801
2014-07-25,2.0,801
2014-07-26,1.0,801
2014-07-27,0.0,801
2014-07-28,2.0,801
2014-05-02,21.0,809
2014-05-03,6.0,809
2014-05-04,1.0,809
2014-05-05,0.0,809
2014-05-06,1.0,809
2014-05-07,1.0,809
2014-05-08,0.0,809
2014-05-09,1.0,809
2014-05-10,1.0,809
2014-05-11,0.0,809
2014-05-12,1.0,809
2014-05-13,1.0,809
2014-05-14,0.0,809
2014-05-15,1.0,809
2014-05-16,1.0,809
2014-05-17,0.0,809
2014-05-18,1.0,809
2014-05-19,1.0,809
2014-05-20,0.0,809
2014-05-21,0.0,809
2014-05-22,1.0,809
2014-05-23,0.0,809
2014-05-24,0.0,809
2014-05-25,1.0,809
2014-05-26,0.0,809
2014-05-27,0.0,809
2014-05-28,2.0,809
2014-05-29,1.0,809
2014-05-30,0.0,809
2014-05-31,25.0,809
2014-06-01,25.0,809
2014-06-02,19.0,809
2014-06-03,0.0,809
2014-06-04,1.0,809
2014-06-05,1.0,809
2014-06-06,0.0,809
2014-06-07,1.0,809
2014-06-08,1.0,809
2014-06-09,0.0,809
2014-06-10,1.0,809
2014-06-11,1.0,809
2014-06-12,0.0,809
2014-06-13,1.0,809
2014-06-14,1.0,809
2014-06-15,1.0,809
2014-06-16,1.0,809
2014-06-17,1.0,809
2014-06-18,1.0,809
2014-06-19,1.0,809
2014-06-20,1.0,809
2014-06-21,1.0,809
2014-06-22,1.0,809
2014-06-23,1.0,809
2014-06-24,1.0,809
2014-06-25,0.0,809
2014-06-26,2.0,809
2014-06-27,1.0,809
2014-06-28,0.0,809
2014-06-29,3.0,809
2014-06-30,3.0,809
2014-05-02,22.0,835
2014-05-03,4.0,835
2014-05-04,2.0,835
2014-05-05,0.0,835
2014-05-06,0.0,835
2014-05-07,1.0,835
2014-05-08,0.0,835
2014-05-09,0.0,835
2014-05-10,1.0,835
2014-05-11,0.0,835
2014-05-12,0.0,835
2014-05-13,1.0,835
2014-05-14,0.0,835
2014-05-15,0.0,835
2014-05-16,1.0,835
2014-05-17,0.0,835
2014-05-18,0.0,835
2014-05-19,1.0,835
2014-05-20,0.0,835
2014-05-21,0.0,835
2014-05-22,1.0,835
2014-05-23,0.0,835
2014-05-24,0.0,835
2014-05-25,1.0,835
2014-05-26,0.0,835
2014-05-27,0.0,835
2014-05-28,2.0,835
2014-05-29,1.0,835
2014-05-30,0.0,835
2014-05-31,26.0,835
2014-06-01,24.0,835
2014-06-02,19.0,835
2014-06-03,0.0,835
2014-06-04,1.0,835
2014-06-05,1.0,835
2014-06-06,0.0,835
2014-06-07,1.0,835
2014-06-08,1.0,835
2014-06-09,0.0,835
2014-06-10,1.0,835
2014-06-11,1.0,835
2014-06-12,0.0,835
2014-06-13,1.0,835
2014-06-14,1.0,835
2014-06-15,0.0,835
2014-06-16,1.0,835
2014-06-17,1.0,835
2014-06-18,0.0,835
2014-06-19,0.0,835
2014-06-20,1.0,835
2014-06-21,1.0,835
2014-06-22,0.0,835
2014-06-23,1.0,835
2014-06-24,1.0,835
2014-06-25,0.0,835
2014-06-26,2.0,835
2014-06-27,1.0,835
2014-06-28,0.0,835
2014-06-29,3.0,835
2014-06-30,4.0,835
2013-10-01,35.0,843
2013-10-02,0.0,843
2013-10-03,0.0,843
2013-10-04,0.0,843
2013-10-05,0.0,843
2013-10-06,0.0,843
2013-10-07,0.0,843
2013-10-08,0.0,843
2013-10-09,0.0,843
2013-10-10,0.0,843
2013-10-11,0.0,843
2013-10-12,0.0,843
2013-10-13,0.0,843
2013-10-14,0.0,843
2013-10-15,0.0,843
2013-10-16,0.0,843
2013-10-17,0.0,843
2013-10-18,0.0,843
2013-10-19,0.0,843
2013-10-20,0.0,843
2013-10-21,0.0,843
2013-10-22,0.0,843
2013-10-23,0.0,843
2013-10-24,0.0,843
2013-10-25,0.0,843
2013-10-26,0.0,843
2013-10-27,0.0,843
2013-10-28,0.0,843
2013-10-29,0.0,843
2013-10-30,14.0,843
2013-10-31,33.0,843
2013-11-01,6.0,843
2013-11-02,0.0,843
2013-11-03,0.0,843
2013-11-04,0.0,843
2013-11-05,0.0,843
2013-11-06,0.0,843
2013-11-07,0.0,843
2013-11-08,0.0,843
2013-11-09,0.0,843
2013-11-10,0.0,843
2013-11-11,0.0,843
2013-11-12,0.0,843
2013-11-13,0.0,843
2013-11-14,0.0,843
2013-11-15,0.0,843
2013-11-16,0.0,843
2013-11-17,0.0,843
2013-11-18,0.0,843
2013-11-19,0.0,843
2013-11-20,0.0,843
2013-11-21,0.0,843
2013-11-22,0.0,843
2013-11-23,0.0,843
2013-11-24,0.0,843
2013-11-25,0.0,843
2013-11-26,0.0,843
2013-11-27,0.0,843
2013-11-28,0.0,843
2013-11-29,16.0,843
2013-05-01,61.0,844
2013-05-02,12.0,844
2013-05-03,7.0,844
2013-05-04,0.0,844
2013-05-05,2.0,844
2013-05-06,5.0,844
2013-05-07,2.0,844
2013-05-08,2.0,844
2013-05-09,4.0,844
2013-05-10,2.0,844
2013-05-11,2.0,844
2013-05-12,4.0,844
2013-05-13,3.0,844
2013-05-14,2.0,844
2013-05-15,4.0,844
2013-05-16,3.0,844
2013-05-17,2.0,844
2013-05-18,4.0,844
2013-05-19,3.0,844
2013-05-20,2.0,844
2013-05-21,4.0,844
2013-05-22,3.0,844
2013-05-23,2.0,844
2013-05-24,5.0,844
2013-05-25,4.0,844
2013-05-26,1.0,844
2013-05-27,6.0,844
2013-05-28,5.0,844
2013-05-29,0.0,844
2013-05-30,35.0,844
2013-05-31,30.0,844
2013-06-01,57.0,844
2013-06-02,0.0,844
2013-06-03,3.0,844
2013-06-04,6.0,844
2013-06-05,3.0,844
2013-06-06,3.0,844
2013-06-07,5.0,844
2013-06-08,3.0,844
2013-06-09,3.0,844
2013-06-10,5.0,844
2013-06-11,4.0,844
2013-06-12,3.0,844
2013-06-13,5.0,844
2013-06-14,4.0,844
2013-06-15,4.0,844
2013-06-16,5.0,844
2013-06-17,4.0,844
2013-06-18,4.0,844
2013-06-19,5.0,844
2013-06-20,4.0,844
2013-06-21,3.0,844
2013-06-22,6.0,844
2013-06-23,5.0,844
2013-06-24,3.0,844
2013-06-25,6.0,844
2013-06-26,5.0,844
2013-06-27,2.0,844
2013-06-28,7.0,844
2013-06-29,12.0,844
2013-08-01,43.0,849
2013-08-02,0.0,849
2013-08-03,0.0,849
2013-08-04,0.0,849
2013-08-05,0.0,849
2013-08-06,0.0,849
2013-08-07,0.0,849
2013-08-08,0.0,849
2013-08-09,0.0,849
2013-08-10,0.0,849
2013-08-11,0.0,849
2013-08-12,0.0,849
2013-08-13,0.0,849
2013-08-14,0.0,849
2013-08-15,0.0,849
2013-08-16,0.0,849
2013-08-17,0.0,849
2013-08-18,0.0,849
2013-08-19,0.0,849
2013-08-20,0.0,849
2013-08-21,0.0,849
2013-08-22,0.0,849
2013-08-23,0.0,849
2013-08-24,0.0,849
2013-08-25,0.0,849
2013-08-26,0.0,849
2013-08-27,0.0,849
2013-08-28,0.0,849
2013-08-29,0.0,849
2013-08-30,21.0,849
2013-08-31,44.0,849
2013-09-01,5.0,849
2013-09-02,0.0,849
2013-09-03,0.0,849
2013-09-04,0.0,849
2013-09-05,0.0,849
2013-09-06,0.0,849
2013-09-07,0.0,849
2013-09-08,0.0,849
2013-09-09,0.0,849
2013-09-10,0.0,849
2013-09-11,0.0,849
2013-09-12,0.0,849
2013-09-13,0.0,849
2013-09-14,0.0,849
2013-09-15,0.0,849
2013-09-16,0.0,849
2013-09-17,0.0,849
2013-09-18,0.0,849
2013-09-19,0.0,849
2013-09-20,0.0,849
2013-09-21,0.0,849
2013-09-22,0.0,849
2013-09-23,0.0,849
2013-09-24,0.0,849
2013-09-25,0.0,849
2013-09-26,0.0,849
2013-09-27,0.0,849
2013-09-28,0.0,849
2013-09-29,21.0,849
2014-05-01,21.0,852
2014-05-02,48.0,852
2014-05-03,9.0,852
2014-05-04,1.0,852
2014-05-05,0.0,852
2014-05-06,0.0,852
2014-05-07,0.0,852
2014-05-08,0.0,852
2014-05-09,0.0,852
2014-05-10,0.0,852
2014-05-11,0.0,852
2014-05-12,0.0,852
2014-05-13,0.0,852
2014-05-14,0.0,852
2014-05-15,0.0,852
2014-05-16,0.0,852
2014-05-17,0.0,852
2014-05-18,0.0,852
2014-05-19,0.0,852
2014-05-20,0.0,852
2014-05-21,0.0,852
2014-05-22,0.0,852
2014-05-23,0.0,852
2014-05-24,0.0,852
2014-05-25,0.0,852
2014-05-26,0.0,852
2014-05-27,0.0,852
2014-05-28,0.0,852
2014-05-29,0.0,852
2014-05-30,0.0,852
2014-05-31,24.0,852
2014-06-01,22.0,852
2014-06-02,46.0,852
2014-06-03,0.0,852
2014-06-04,0.0,852
2014-06-05,0.0,852
2014-06-06,0.0,852
2014-06-07,0.0,852
2014-06-08,0.0,852
2014-06-09,0.0,852
2014-06-10,0.0,852
2014-06-11,0.0,852
2014-06-12,0.0,852
2014-06-13,0.0,852
2014-06-14,0.0,852
2014-06-15,0.0,852
2014-06-16,0.0,852
2014-06-17,0.0,852
2014-06-18,0.0,852
2014-06-19,0.0,852
2014-06-20,0.0,852
2014-06-21,0.0,852
2014-06-22,0.0,852
2014-06-23,0.0,852
2014-06-24,0.0,852
2014-06-25,0.0,852
2014-06-26,0.0,852
2014-06-27,0.0,852
2014-06-28,0.0,852
2014-06-29,1.0,852
2014-03-31,29.0,854
2014-04-01,23.0,854
2014-04-02,47.0,854
2014-04-03,0.0,854
2014-04-04,0.0,854
2014-04-05,0.0,854
2014-04-06,0.0,854
2014-04-07,0.0,854
2014-04-08,0.0,854
2014-04-09,0.0,854
2014-04-10,0.0,854
2014-04-11,0.0,854
2014-04-12,0.0,854
2014-04-13,0.0,854
2014-04-14,0.0,854
2014-04-15,0.0,854
2014-04-16,0.0,854
2014-04-17,0.0,854
2014-04-18,0.0,854
2014-04-19,0.0,854
2014-04-20,0.0,854
2014-04-21,0.0,854
2014-04-22,0.0,854
2014-04-23,0.0,854
2014-04-24,0.0,854
2014-04-25,0.0,854
2014-04-26,0.0,854
2014-04-27,0.0,854
2014-04-28,0.0,854
2014-04-29,2.0,854
2014-04-30,4.0,854
2014-05-01,27.0,854
2014-05-02,47.0,854
2014-05-03,10.0,854
2014-05-04,1.0,854
2014-05-05,0.0,854
2014-05-06,0.0,854
2014-05-07,0.0,854
2014-05-08,0.0,854
2014-05-09,0.0,854
2014-05-10,0.0,854
2014-05-11,0.0,854
2014-05-12,0.0,854
2014-05-13,0.0,854
2014-05-14,0.0,854
2014-05-15,0.0,854
2014-05-16,0.0,854
2014-05-17,0.0,854
2014-05-18,0.0,854
2014-05-19,0.0,854
2014-05-20,0.0,854
2014-05-21,0.0,854
2014-05-22,0.0,854
2014-05-23,0.0,854
2014-05-24,0.0,854
2014-05-25,0.0,854
2014-05-26,0.0,854
2014-05-27,0.0,854
2014-05-28,0.0,854
2014-05-29,0.0,854
2014-05-01,17.0,856
2014-05-02,37.0,856
2014-05-03,7.0,856
2014-05-04,1.0,856
2014-05-05,0.0,856
2014-05-06,0.0,856
2014-05-07,0.0,856
2014-05-08,0.0,856
2014-05-09,0.0,856
2014-05-10,0.0,856
2014-05-11,0.0,856
2014-05-12,0.0,856
2014-05-13,0.0,856
2014-05-14,0.0,856
2014-05-15,0.0,856
2014-05-16,0.0,856
2014-05-17,0.0,856
2014-05-18,0.0,856
2014-05-19,0.0,856
2014-05-20,0.0,856
2014-05-21,0.0,856
2014-05-22,0.0,856
2014-05-23,0.0,856
2014-05-24,0.0,856
2014-05-25,0.0,856
2014-05-26,0.0,856
2014-05-27,0.0,856
2014-05-28,0.0,856
2014-05-29,0.0,856
2014-05-30,0.0,856
2014-05-31,20.0,856
2014-06-01,17.0,856
2014-06-02,35.0,856
2014-06-03,0.0,856
2014-06-04,0.0,856
2014-06-05,0.0,856
2014-06-06,0.0,856
2014-06-07,0.0,856
2014-06-08,0.0,856
2014-06-09,0.0,856
2014-06-10,0.0,856
2014-06-11,0.0,856
2014-06-12,0.0,856
2014-06-13,0.0,856
2014-06-14,0.0,856
2014-06-15,0.0,856
2014-06-16,0.0,856
2014-06-17,0.0,856
2014-06-18,0.0,856
2014-06-19,0.0,856
2014-06-20,0.0,856
2014-06-21,0.0,856
2014-06-22,0.0,856
2014-06-23,0.0,856
2014-06-24,0.0,856
2014-06-25,0.0,856
2014-06-26,0.0,856
2014-06-27,0.0,856
2014-06-28,0.0,856
2014-06-29,1.0,856
2014-06-28,0.0,858
2014-06-29,2.0,858
2014-06-30,2.0,858
2014-07-01,49.0,858
2014-07-02,14.0,858
2014-07-03,5.0,858
2014-07-04,1.0,858
2014-07-05,0.0,858
2014-07-06,1.0,858
2014-07-07,1.0,858
2014-07-08,0.0,858
2014-07-09,1.0,858
2014-07-10,1.0,858
2014-07-11,0.0,858
2014-07-12,1.0,858
2014-07-13,1.0,858
2014-07-14,0.0,858
2014-07-15,1.0,858
2014-07-16,0.0,858
2014-07-17,0.0,858
2014-07-18,0.0,858
2014-07-19,1.0,858
2014-07-20,0.0,858
2014-07-21,0.0,858
2014-07-22,1.0,858
2014-07-23,0.0,858
2014-07-24,1.0,858
2014-07-25,1.0,858
2014-07-26,0.0,858
2014-07-27,0.0,858
2014-07-28,1.0,858
2014-07-29,0.0,858
2014-07-30,0.0,858
2014-07-31,30.0,858
2014-08-01,33.0,858
2014-08-02,10.0,858
2014-08-03,0.0,858
2014-08-04,1.0,858
2014-08-05,0.0,858
2014-08-06,0.0,858
2014-08-07,1.0,858
2014-08-08,1.0,858
2014-08-09,0.0,858
2014-08-10,0.0,858
2014-08-11,0.0,858
2014-08-12,0.0,858
2014-08-13,0.0,858
2014-08-14,0.0,858
2014-08-15,0.0,858
2014-08-16,0.0,858
2014-08-17,1.0,858
2014-08-18,0.0,858
2014-08-19,0.0,858
2014-08-20,0.0,858
2014-08-21,0.0,858
2014-08-22,0.0,858
2014-08-23,0.0,858
2014-08-24,0.0,858
2014-08-25,0.0,858
2014-08-26,1.0,858
2014-07-01,86.0,859
2014-07-02,24.0,859
2014-07-03,9.0,859
2014-07-04,1.0,859
2014-07-05,0.0,859
2014-07-06,2.0,859
2014-07-07,1.0,859
2014-07-08,0.0,859
2014-07-09,1.0,859
2014-07-10,1.0,859
2014-07-11,0.0,859
2014-07-12,1.0,859
2014-07-13,1.0,859
2014-07-14,0.0,859
2014-07-15,0.0,859
2014-07-16,1.0,859
2014-07-17,0.0,859
2014-07-18,1.0,859
2014-07-19,1.0,859
2014-07-20,0.0,859
2014-07-21,0.0,859
2014-07-22,2.0,859
2014-07-23,0.0,859
2014-07-24,0.0,859
2014-07-25,2.0,859
2014-07-26,0.0,859
2014-07-27,0.0,859
2014-07-28,3.0,859
2014-07-29,0.0,859
2014-07-30,0.0,859
2014-07-31,51.0,859
2014-08-01,58.0,859
2014-08-02,18.0,859
2014-08-03,0.0,859
2014-08-04,1.0,859
2014-08-05,1.0,859
2014-08-06,0.0,859
2014-08-07,1.0,859
2014-08-08,1.0,859
2014-08-09,0.0,859
2014-08-10,0.0,859
2014-08-11,1.0,859
2014-08-12,0.0,859
2014-08-13,1.0,859
2014-08-14,1.0,859
2014-08-15,0.0,859
2014-08-16,0.0,859
2014-08-17,1.0,859
2014-08-18,0.0,859
2014-08-19,0.0,859
2014-08-20,1.0,859
2014-08-21,0.0,859
2014-08-22,0.0,859
2014-08-23,1.0,859
2014-08-24,0.0,859
2014-08-25,0.0,859
2014-08-26,2.0,859
2014-08-27,0.0,859
2014-08-28,0.0,859
2014-08-29,4.0,859
2014-07-01,28.0,860
2014-07-02,6.0,860
2014-07-03,3.0,860
2014-07-04,2.0,860
2014-07-05,1.0,860
2014-07-06,2.0,860
2014-07-07,2.0,860
2014-07-08,1.0,860
2014-07-09,2.0,860
2014-07-10,2.0,860
2014-07-11,1.0,860
2014-07-12,2.0,860
2014-07-13,2.0,860
2014-07-14,1.0,860
2014-07-15,2.0,860
2014-07-16,2.0,860
2014-07-17,1.0,860
2014-07-18,2.0,860
2014-07-19,2.0,860
2014-07-20,1.0,860
2014-07-21,1.0,860
2014-07-22,2.0,860
2014-07-23,1.0,860
2014-07-24,2.0,860
2014-07-25,2.0,860
2014-07-26,1.0,860
2014-07-27,1.0,860
2014-07-28,3.0,860
2014-07-29,1.0,860
2014-07-30,0.0,860
2014-07-31,18.0,860
2014-08-01,17.0,860
2014-08-02,6.0,860
2014-08-03,0.0,860
2014-08-04,2.0,860
2014-08-05,2.0,860
2014-08-06,1.0,860
2014-08-07,2.0,860
2014-08-08,2.0,860
2014-08-09,1.0,860
2014-08-10,2.0,860
2014-08-11,2.0,860
2014-08-12,1.0,860
2014-08-13,2.0,860
2014-08-14,2.0,860
2014-08-15,2.0,860
2014-08-16,2.0,860
2014-08-17,2.0,860
2014-08-18,2.0,860
2014-08-19,2.0,860
2014-08-20,2.0,860
2014-08-21,1.0,860
2014-08-22,2.0,860
2014-08-23,2.0,860
2014-08-24,2.0,860
2014-08-25,1.0,860
2014-08-26,3.0,860
2014-08-27,1.0,860
2014-08-28,2.0,860
2014-08-29,3.0,860
2014-05-01,24.0,862
2014-05-02,46.0,862
2014-05-03,12.0,862
2014-05-04,0.0,862
2014-05-05,0.0,862
2014-05-06,0.0,862
2014-05-07,0.0,862
2014-05-08,0.0,862
2014-05-09,0.0,862
2014-05-10,0.0,862
2014-05-11,0.0,862
2014-05-12,0.0,862
2014-05-13,0.0,862
2014-05-14,0.0,862
2014-05-15,0.0,862
2014-05-16,0.0,862
2014-05-17,0.0,862
2014-05-18,0.0,862
2014-05-19,0.0,862
2014-05-20,0.0,862
2014-05-21,0.0,862
2014-05-22,0.0,862
2014-05-23,0.0,862
2014-05-24,0.0,862
2014-05-25,0.0,862
2014-05-26,0.0,862
2014-05-27,0.0,862
2014-05-28,0.0,862
2014-05-29,0.0,862
2014-05-30,0.0,862
2014-05-31,27.0,862
2014-06-01,21.0,862
2014-06-02,48.0,862
2014-06-03,0.0,862
2014-06-04,0.0,862
2014-06-05,0.0,862
2014-06-06,0.0,862
2014-06-07,0.0,862
2014-06-08,0.0,862
2014-06-09,0.0,862
2014-06-10,0.0,862
2014-06-11,0.0,862
2014-06-12,0.0,862
2014-06-13,0.0,862
2014-06-14,0.0,862
2014-06-15,0.0,862
2014-06-16,0.0,862
2014-06-17,0.0,862
2014-06-18,0.0,862
2014-06-19,0.0,862
2014-06-20,0.0,862
2014-06-21,0.0,862
2014-06-22,0.0,862
2014-06-23,0.0,862
2014-06-24,0.0,862
2014-06-25,0.0,862
2014-06-26,0.0,862
2014-06-27,0.0,862
2014-06-28,0.0,862
2014-06-29,1.0,862
2014-05-01,36.0,863
2014-05-02,69.0,863
2014-05-03,20.0,863
2014-05-04,0.0,863
2014-05-05,0.0,863
2014-05-06,0.0,863
2014-05-07,0.0,863
2014-05-08,0.0,863
2014-05-09,0.0,863
2014-05-10,0.0,863
2014-05-11,0.0,863
2014-05-12,0.0,863
2014-05-13,0.0,863
2014-05-14,0.0,863
2014-05-15,0.0,863
2014-05-16,0.0,863
2014-05-17,0.0,863
2014-05-18,0.0,863
2014-05-19,0.0,863
2014-05-20,0.0,863
2014-05-21,0.0,863
2014-05-22,0.0,863
2014-05-23,0.0,863
2014-05-24,0.0,863
2014-05-25,0.0,863
2014-05-26,0.0,863
2014-05-27,0.0,863
2014-05-28,0.0,863
2014-05-29,0.0,863
2014-05-30,0.0,863
2014-05-31,40.0,863
2014-06-01,33.0,863
2014-06-02,72.0,863
2014-06-03,0.0,863
2014-06-04,0.0,863
2014-06-05,0.0,863
2014-06-06,0.0,863
2014-06-07,0.0,863
2014-06-08,0.0,863
2014-06-09,0.0,863
2014-06-10,0.0,863
2014-06-11,0.0,863
2014-06-12,0.0,863
2014-06-13,0.0,863
2014-06-14,0.0,863
2014-06-15,0.0,863
2014-06-16,0.0,863
2014-06-17,0.0,863
2014-06-18,0.0,863
2014-06-19,0.0,863
2014-06-20,0.0,863
2014-06-21,0.0,863
2014-06-22,0.0,863
2014-06-23,0.0,863
2014-06-24,0.0,863
2014-06-25,0.0,863
2014-06-26,0.0,863
2014-06-27,0.0,863
2014-06-28,0.0,863
2014-06-29,0.0,863
2014-07-01,269.0,864
2014-07-02,20.0,864
2014-07-03,3.0,864
2014-07-04,0.0,864
2014-07-05,0.0,864
2014-07-06,0.0,864
2014-07-07,0.0,864
2014-07-08,0.0,864
2014-07-09,0.0,864
2014-07-10,0.0,864
2014-07-11,0.0,864
2014-07-12,0.0,864
2014-07-13,0.0,864
2014-07-14,0.0,864
2014-07-15,0.0,864
2014-07-16,0.0,864
2014-07-17,0.0,864
2014-07-18,0.0,864
2014-07-19,0.0,864
2014-07-20,0.0,864
2014-07-21,0.0,864
2014-07-22,0.0,864
2014-07-23,0.0,864
2014-07-24,0.0,864
2014-07-25,0.0,864
2014-07-26,0.0,864
2014-07-27,0.0,864
2014-07-28,1.0,864
2014-07-29,0.0,864
2014-07-30,0.0,864
2014-07-31,151.0,864
2014-08-01,163.0,864
2014-08-02,0.0,864
2014-08-03,0.0,864
2014-08-04,0.0,864
2014-08-05,0.0,864
2014-08-06,0.0,864
2014-08-07,0.0,864
2014-08-08,0.0,864
2014-08-09,0.0,864
2014-08-10,0.0,864
2014-08-11,0.0,864
2014-08-12,0.0,864
2014-08-13,0.0,864
2014-08-14,0.0,864
2014-08-15,0.0,864
2014-08-16,0.0,864
2014-08-17,0.0,864
2014-08-18,0.0,864
2014-08-19,0.0,864
2014-08-20,0.0,864
2014-08-21,0.0,864
2014-08-22,0.0,864
2014-08-23,0.0,864
2014-08-24,0.0,864
2014-08-25,0.0,864
2014-08-26,0.0,864
2014-08-27,0.0,864
2014-08-28,0.0,864
2014-08-29,3.0,864
2014-06-30,0.0,865
2014-07-01,142.0,865
2014-07-02,7.0,865
2014-07-03,3.0,865
2014-07-04,0.0,865
2014-07-05,0.0,865
2014-07-06,0.0,865
2014-07-07,0.0,865
2014-07-08,0.0,865
2014-07-09,0.0,865
2014-07-10,0.0,865
2014-07-11,0.0,865
2014-07-12,0.0,865
2014-07-13,0.0,865
2014-07-14,0.0,865
2014-07-15,0.0,865
2014-07-16,0.0,865
2014-07-17,0.0,865
2014-07-18,0.0,865
2014-07-19,0.0,865
2014-07-20,0.0,865
2014-07-21,0.0,865
2014-07-22,0.0,865
2014-07-23,0.0,865
2014-07-24,0.0,865
2014-07-25,0.0,865
2014-07-26,0.0,865
2014-07-27,0.0,865
2014-07-28,1.0,865
2014-07-29,0.0,865
2014-07-30,0.0,865
2014-07-31,77.0,865
2014-08-01,86.0,865
2014-08-02,0.0,865
2014-08-03,0.0,865
2014-08-04,0.0,865
2014-08-05,0.0,865
2014-08-06,0.0,865
2014-08-07,0.0,865
2014-08-08,0.0,865
2014-08-09,0.0,865
2014-08-10,0.0,865
2014-08-11,0.0,865
2014-08-12,0.0,865
2014-08-13,0.0,865
2014-08-14,0.0,865
2014-08-15,0.0,865
2014-08-16,0.0,865
2014-08-17,0.0,865
2014-08-18,0.0,865
2014-08-19,0.0,865
2014-08-20,0.0,865
2014-08-21,0.0,865
2014-08-22,0.0,865
2014-08-23,0.0,865
2014-08-24,0.0,865
2014-08-25,0.0,865
2014-08-26,0.0,865
2014-08-27,0.0,865
2014-08-28,0.0,865
2014-07-01,196.0,867
2014-07-02,20.0,867
2014-07-03,2.0,867
2014-07-04,0.0,867
2014-07-05,0.0,867
2014-07-06,0.0,867
2014-07-07,0.0,867
2014-07-08,0.0,867
2014-07-09,0.0,867
2014-07-10,0.0,867
2014-07-11,0.0,867
2014-07-12,0.0,867
2014-07-13,0.0,867
2014-07-14,0.0,867
2014-07-15,0.0,867
2014-07-16,0.0,867
2014-07-17,0.0,867
2014-07-18,0.0,867
2014-07-19,0.0,867
2014-07-20,0.0,867
2014-07-21,0.0,867
2014-07-22,0.0,867
2014-07-23,0.0,867
2014-07-24,0.0,867
2014-07-25,0.0,867
2014-07-26,0.0,867
2014-07-27,0.0,867
2014-07-28,1.0,867
2014-07-29,0.0,867
2014-07-30,0.0,867
2014-07-31,102.0,867
2014-08-01,127.0,867
2014-08-02,0.0,867
2014-08-03,0.0,867
2014-08-04,0.0,867
2014-08-05,0.0,867
2014-08-06,0.0,867
2014-08-07,0.0,867
2014-08-08,0.0,867
2014-08-09,0.0,867
2014-08-10,0.0,867
2014-08-11,0.0,867
2014-08-12,0.0,867
2014-08-13,0.0,867
2014-08-14,0.0,867
2014-08-15,0.0,867
2014-08-16,0.0,867
2014-08-17,0.0,867
2014-08-18,0.0,867
2014-08-19,0.0,867
2014-08-20,0.0,867
2014-08-21,0.0,867
2014-08-22,0.0,867
2014-08-23,0.0,867
2014-08-24,0.0,867
2014-08-25,0.0,867
2014-08-26,0.0,867
2014-08-27,0.0,867
2014-08-28,0.0,867
2014-08-29,3.0,867
2014-06-29,3.0,868
2014-06-30,0.0,868
2014-07-01,51.0,868
2014-07-02,9.0,868
2014-07-03,1.0,868
2014-07-04,0.0,868
2014-07-05,0.0,868
2014-07-06,1.0,868
2014-07-07,0.0,868
2014-07-08,0.0,868
2014-07-09,1.0,868
2014-07-10,1.0,868
2014-07-11,0.0,868
2014-07-12,0.0,868
2014-07-13,0.0,868
2014-07-14,0.0,868
2014-07-15,1.0,868
2014-07-16,1.0,868
2014-07-17,0.0,868
2014-07-18,0.0,868
2014-07-19,1.0,868
2014-07-20,0.0,868
2014-07-21,0.0,868
2014-07-22,0.0,868
2014-07-23,0.0,868
2014-07-24,0.0,868
2014-07-25,0.0,868
2014-07-26,0.0,868
2014-07-27,0.0,868
2014-07-28,1.0,868
2014-07-29,0.0,868
2014-07-30,0.0,868
2014-07-31,25.0,868
2014-08-01,36.0,868
2014-08-02,0.0,868
2014-08-03,0.0,868
2014-08-04,0.0,868
2014-08-05,0.0,868
2014-08-06,0.0,868
2014-08-07,0.0,868
2014-08-08,0.0,868
2014-08-09,0.0,868
2014-08-10,0.0,868
2014-08-11,0.0,868
2014-08-12,0.0,868
2014-08-13,0.0,868
2014-08-14,0.0,868
2014-08-15,0.0,868
2014-08-16,0.0,868
2014-08-17,0.0,868
2014-08-18,0.0,868
2014-08-19,0.0,868
2014-08-20,0.0,868
2014-08-21,0.0,868
2014-08-22,0.0,868
2014-08-23,0.0,868
2014-08-24,0.0,868
2014-08-25,0.0,868
2014-08-26,0.0,868
2014-08-27,0.0,868
2014-07-01,190.0,869
2014-07-02,14.0,869
2014-07-03,2.0,869
2014-07-04,0.0,869
2014-07-05,0.0,869
2014-07-06,0.0,869
2014-07-07,0.0,869
2014-07-08,0.0,869
2014-07-09,0.0,869
2014-07-10,0.0,869
2014-07-11,0.0,869
2014-07-12,0.0,869
2014-07-13,0.0,869
2014-07-14,0.0,869
2014-07-15,0.0,869
2014-07-16,0.0,869
2014-07-17,0.0,869
2014-07-18,0.0,869
2014-07-19,0.0,869
2014-07-20,0.0,869
2014-07-21,0.0,869
2014-07-22,0.0,869
2014-07-23,0.0,869
2014-07-24,0.0,869
2014-07-25,0.0,869
2014-07-26,0.0,869
2014-07-27,0.0,869
2014-07-28,0.0,869
2014-07-29,0.0,869
2014-07-30,0.0,869
2014-07-31,105.0,869
2014-08-01,116.0,869
2014-08-02,0.0,869
2014-08-03,0.0,869
2014-08-04,0.0,869
2014-08-05,0.0,869
2014-08-06,0.0,869
2014-08-07,0.0,869
2014-08-08,0.0,869
2014-08-09,0.0,869
2014-08-10,0.0,869
2014-08-11,0.0,869
2014-08-12,0.0,869
2014-08-13,0.0,869
2014-08-14,0.0,869
2014-08-15,0.0,869
2014-08-16,0.0,869
2014-08-17,0.0,869
2014-08-18,0.0,869
2014-08-19,0.0,869
2014-08-20,0.0,869
2014-08-21,0.0,869
2014-08-22,0.0,869
2014-08-23,0.0,869
2014-08-24,0.0,869
2014-08-25,0.0,869
2014-08-26,0.0,869
2014-08-27,0.0,869
2014-08-28,0.0,869
2014-08-29,1.0,869
2014-07-01,180.0,870
2014-07-02,13.0,870
2014-07-03,10.0,870
2014-07-04,3.0,870
2014-07-05,0.0,870
2014-07-06,3.0,870
2014-07-07,4.0,870
2014-07-08,0.0,870
2014-07-09,5.0,870
2014-07-10,1.0,870
2014-07-11,0.0,870
2014-07-12,1.0,870
2014-07-13,1.0,870
2014-07-14,0.0,870
2014-07-15,1.0,870
2014-07-16,0.0,870
2014-07-17,0.0,870
2014-07-18,0.0,870
2014-07-19,3.0,870
2014-07-20,0.0,870
2014-07-21,0.0,870
2014-07-22,0.0,870
2014-07-23,0.0,870
2014-07-24,0.0,870
2014-07-25,1.0,870
2014-07-26,0.0,870
2014-07-27,0.0,870
2014-07-28,3.0,870
2014-07-29,0.0,870
2014-07-30,0.0,870
2014-07-31,95.0,870
2014-08-01,107.0,870
2014-08-02,0.0,870
2014-08-03,0.0,870
2014-08-04,2.0,870
2014-08-05,0.0,870
2014-08-06,0.0,870
2014-08-07,0.0,870
2014-08-08,0.0,870
2014-08-09,0.0,870
2014-08-10,0.0,870
2014-08-11,0.0,870
2014-08-12,0.0,870
2014-08-13,0.0,870
2014-08-14,0.0,870
2014-08-15,0.0,870
2014-08-16,0.0,870
2014-08-17,0.0,870
2014-08-18,0.0,870
2014-08-19,0.0,870
2014-08-20,0.0,870
2014-08-21,0.0,870
2014-08-22,0.0,870
2014-08-23,0.0,870
2014-08-24,0.0,870
2014-08-25,0.0,870
2014-08-26,0.0,870
2014-08-27,0.0,870
2014-08-28,0.0,870
2014-08-29,0.0,870
2014-07-01,55.0,873
2014-07-02,3.0,873
2014-07-03,8.0,873
2014-07-04,5.0,873
2014-07-05,2.0,873
2014-07-06,6.0,873
2014-07-07,4.0,873
2014-07-08,5.0,873
2014-07-09,6.0,873
2014-07-10,5.0,873
2014-07-11,4.0,873
2014-07-12,4.0,873
2014-07-13,4.0,873
2014-07-14,3.0,873
2014-07-15,6.0,873
2014-07-16,3.0,873
2014-07-17,6.0,873
2014-07-18,3.0,873
2014-07-19,7.0,873
2014-07-20,5.0,873
2014-07-21,3.0,873
2014-07-22,3.0,873
2014-07-23,3.0,873
2014-07-24,5.0,873
2014-07-25,4.0,873
2014-07-26,2.0,873
2014-07-27,3.0,873
2014-07-28,5.0,873
2014-07-29,2.0,873
2014-07-30,1.0,873
2014-07-31,30.0,873
2014-08-01,30.0,873
2014-08-02,3.0,873
2014-08-03,1.0,873
2014-08-04,4.0,873
2014-08-05,2.0,873
2014-08-06,2.0,873
2014-08-07,4.0,873
2014-08-08,3.0,873
2014-08-09,2.0,873
2014-08-10,5.0,873
2014-08-11,1.0,873
2014-08-12,2.0,873
2014-08-13,3.0,873
2014-08-14,2.0,873
2014-08-15,3.0,873
2014-08-16,3.0,873
2014-08-17,2.0,873
2014-08-18,4.0,873
2014-08-19,4.0,873
2014-08-20,2.0,873
2014-08-21,1.0,873
2014-08-22,0.0,873
2014-08-23,4.0,873
2014-08-24,1.0,873
2014-08-25,1.0,873
2014-08-26,2.0,873
2014-08-27,1.0,873
2014-08-28,1.0,873
2014-08-29,4.0,873
2014-07-01,83.0,874
2014-07-02,7.0,874
2014-07-03,2.0,874
2014-07-04,0.0,874
2014-07-05,0.0,874
2014-07-06,0.0,874
2014-07-07,0.0,874
2014-07-08,0.0,874
2014-07-09,0.0,874
2014-07-10,0.0,874
2014-07-11,0.0,874
2014-07-12,0.0,874
2014-07-13,0.0,874
2014-07-14,0.0,874
2014-07-15,0.0,874
2014-07-16,0.0,874
2014-07-17,0.0,874
2014-07-18,0.0,874
2014-07-19,0.0,874
2014-07-20,0.0,874
2014-07-21,0.0,874
2014-07-22,0.0,874
2014-07-23,0.0,874
2014-07-24,0.0,874
2014-07-25,0.0,874
2014-07-26,0.0,874
2014-07-27,0.0,874
2014-07-28,1.0,874
2014-07-29,0.0,874
2014-07-30,0.0,874
2014-07-31,45.0,874
2014-08-01,51.0,874
2014-08-02,0.0,874
2014-08-03,0.0,874
2014-08-04,0.0,874
2014-08-05,0.0,874
2014-08-06,0.0,874
2014-08-07,0.0,874
2014-08-08,0.0,874
2014-08-09,0.0,874
2014-08-10,0.0,874
2014-08-11,0.0,874
2014-08-12,0.0,874
2014-08-13,0.0,874
2014-08-14,0.0,874
2014-08-15,0.0,874
2014-08-16,0.0,874
2014-08-17,0.0,874
2014-08-18,0.0,874
2014-08-19,0.0,874
2014-08-20,0.0,874
2014-08-21,0.0,874
2014-08-22,0.0,874
2014-08-23,0.0,874
2014-08-24,0.0,874
2014-08-25,0.0,874
2014-08-26,0.0,874
2014-08-27,0.0,874
2014-08-28,0.0,874
2014-08-29,1.0,874
2014-06-30,0.0,875
2014-07-01,142.0,875
2014-07-02,14.0,875
2014-07-03,0.0,875
2014-07-04,0.0,875
2014-07-05,0.0,875
2014-07-06,0.0,875
2014-07-07,0.0,875
2014-07-08,0.0,875
2014-07-09,0.0,875
2014-07-10,0.0,875
2014-07-11,0.0,875
2014-07-12,0.0,875
2014-07-13,0.0,875
2014-07-14,0.0,875
2014-07-15,0.0,875
2014-07-16,0.0,875
2014-07-17,0.0,875
2014-07-18,0.0,875
2014-07-19,0.0,875
2014-07-20,0.0,875
2014-07-21,0.0,875
2014-07-22,0.0,875
2014-07-23,0.0,875
2014-07-24,0.0,875
2014-07-25,0.0,875
2014-07-26,0.0,875
2014-07-27,0.0,875
2014-07-28,1.0,875
2014-07-29,0.0,875
2014-07-30,0.0,875
2014-07-31,79.0,875
2014-08-01,88.0,875
2014-08-02,0.0,875
2014-08-03,0.0,875
2014-08-04,0.0,875
2014-08-05,0.0,875
2014-08-06,0.0,875
2014-08-07,0.0,875
2014-08-08,0.0,875
2014-08-09,0.0,875
2014-08-10,0.0,875
2014-08-11,0.0,875
2014-08-12,0.0,875
2014-08-13,0.0,875
2014-08-14,0.0,875
2014-08-15,0.0,875
2014-08-16,0.0,875
2014-08-17,0.0,875
2014-08-18,0.0,875
2014-08-19,0.0,875
2014-08-20,0.0,875
2014-08-21,0.0,875
2014-08-22,0.0,875
2014-08-23,0.0,875
2014-08-24,0.0,875
2014-08-25,0.0,875
2014-08-26,0.0,875
2014-08-27,0.0,875
2014-08-28,0.0,875
2014-07-01,188.0,876
2014-07-02,15.0,876
2014-07-03,4.0,876
2014-07-04,0.0,876
2014-07-05,0.0,876
2014-07-06,0.0,876
2014-07-07,0.0,876
2014-07-08,0.0,876
2014-07-09,0.0,876
2014-07-10,0.0,876
2014-07-11,0.0,876
2014-07-12,0.0,876
2014-07-13,0.0,876
2014-07-14,0.0,876
2014-07-15,0.0,876
2014-07-16,0.0,876
2014-07-17,0.0,876
2014-07-18,0.0,876
2014-07-19,0.0,876
2014-07-20,0.0,876
2014-07-21,0.0,876
2014-07-22,0.0,876
2014-07-23,0.0,876
2014-07-24,0.0,876
2014-07-25,0.0,876
2014-07-26,0.0,876
2014-07-27,0.0,876
2014-07-28,1.0,876
2014-07-29,0.0,876
2014-07-30,0.0,876
2014-07-31,98.0,876
2014-08-01,122.0,876
2014-08-02,0.0,876
2014-08-03,0.0,876
2014-08-04,0.0,876
2014-08-05,0.0,876
2014-08-06,0.0,876
2014-08-07,0.0,876
2014-08-08,0.0,876
2014-08-09,0.0,876
2014-08-10,0.0,876
2014-08-11,0.0,876
2014-08-12,0.0,876
2014-08-13,0.0,876
2014-08-14,0.0,876
2014-08-15,0.0,876
2014-08-16,0.0,876
2014-08-17,0.0,876
2014-08-18,0.0,876
2014-08-19,0.0,876
2014-08-20,0.0,876
2014-08-21,0.0,876
2014-08-22,0.0,876
2014-08-23,0.0,876
2014-08-24,0.0,876
2014-08-25,0.0,876
2014-08-26,0.0,876
2014-08-27,0.0,876
2014-08-28,0.0,876
2014-08-29,1.0,876
2014-07-01,168.0,877
2014-07-02,9.0,877
2014-07-03,5.0,877
2014-07-04,0.0,877
2014-07-05,0.0,877
2014-07-06,1.0,877
2014-07-07,0.0,877
2014-07-08,0.0,877
2014-07-09,0.0,877
2014-07-10,0.0,877
2014-07-11,0.0,877
2014-07-12,0.0,877
2014-07-13,0.0,877
2014-07-14,0.0,877
2014-07-15,0.0,877
2014-07-16,0.0,877
2014-07-17,0.0,877
2014-07-18,0.0,877
2014-07-19,0.0,877
2014-07-20,0.0,877
2014-07-21,0.0,877
2014-07-22,0.0,877
2014-07-23,0.0,877
2014-07-24,0.0,877
2014-07-25,1.0,877
2014-07-26,0.0,877
2014-07-27,0.0,877
2014-07-28,2.0,877
2014-07-29,0.0,877
2014-07-30,0.0,877
2014-07-31,87.0,877
2014-08-01,103.0,877
2014-08-02,0.0,877
2014-08-03,0.0,877
2014-08-04,0.0,877
2014-08-05,0.0,877
2014-08-06,0.0,877
2014-08-07,0.0,877
2014-08-08,0.0,877
2014-08-09,0.0,877
2014-08-10,0.0,877
2014-08-11,0.0,877
2014-08-12,0.0,877
2014-08-13,0.0,877
2014-08-14,0.0,877
2014-08-15,0.0,877
2014-08-16,0.0,877
2014-08-17,0.0,877
2014-08-18,0.0,877
2014-08-19,0.0,877
2014-08-20,0.0,877
2014-08-21,0.0,877
2014-08-22,0.0,877
2014-08-23,0.0,877
2014-08-24,0.0,877
2014-08-25,0.0,877
2014-08-26,0.0,877
2014-08-27,0.0,877
2014-08-28,0.0,877
2014-08-29,3.0,877
2014-07-01,144.0,880
2014-07-02,4.0,880
2014-07-03,6.0,880
2014-07-04,0.0,880
2014-07-05,0.0,880
2014-07-06,1.0,880
2014-07-07,0.0,880
2014-07-08,0.0,880
2014-07-09,0.0,880
2014-07-10,0.0,880
2014-07-11,0.0,880
2014-07-12,0.0,880
2014-07-13,0.0,880
2014-07-14,0.0,880
2014-07-15,0.0,880
2014-07-16,0.0,880
2014-07-17,0.0,880
2014-07-18,0.0,880
2014-07-19,0.0,880
2014-07-20,0.0,880
2014-07-21,0.0,880
2014-07-22,0.0,880
2014-07-23,0.0,880
2014-07-24,0.0,880
2014-07-25,0.0,880
2014-07-26,0.0,880
2014-07-27,0.0,880
2014-07-28,2.0,880
2014-07-29,0.0,880
2014-07-30,0.0,880
2014-07-31,72.0,880
2014-08-01,87.0,880
2014-08-02,0.0,880
2014-08-03,0.0,880
2014-08-04,0.0,880
2014-08-05,0.0,880
2014-08-06,0.0,880
2014-08-07,0.0,880
2014-08-08,0.0,880
2014-08-09,0.0,880
2014-08-10,0.0,880
2014-08-11,0.0,880
2014-08-12,0.0,880
2014-08-13,0.0,880
2014-08-14,0.0,880
2014-08-15,0.0,880
2014-08-16,0.0,880
2014-08-17,0.0,880
2014-08-18,0.0,880
2014-08-19,0.0,880
2014-08-20,0.0,880
2014-08-21,0.0,880
2014-08-22,0.0,880
2014-08-23,0.0,880
2014-08-24,0.0,880
2014-08-25,0.0,880
2014-08-26,0.0,880
2014-08-27,0.0,880
2014-08-28,0.0,880
2014-08-29,3.0,880
2014-07-01,108.0,881
2014-07-02,4.0,881
2014-07-03,3.0,881
2014-07-04,0.0,881
2014-07-05,0.0,881
2014-07-06,1.0,881
2014-07-07,0.0,881
2014-07-08,0.0,881
2014-07-09,0.0,881
2014-07-10,0.0,881
2014-07-11,0.0,881
2014-07-12,0.0,881
2014-07-13,0.0,881
2014-07-14,0.0,881
2014-07-15,0.0,881
2014-07-16,0.0,881
2014-07-17,0.0,881
2014-07-18,0.0,881
2014-07-19,0.0,881
2014-07-20,0.0,881
2014-07-21,0.0,881
2014-07-22,0.0,881
2014-07-23,0.0,881
2014-07-24,0.0,881
2014-07-25,0.0,881
2014-07-26,0.0,881
2014-07-27,0.0,881
2014-07-28,2.0,881
2014-07-29,0.0,881
2014-07-30,0.0,881
2014-07-31,55.0,881
2014-08-01,66.0,881
2014-08-02,0.0,881
2014-08-03,0.0,881
2014-08-04,1.0,881
2014-08-05,0.0,881
2014-08-06,0.0,881
2014-08-07,0.0,881
2014-08-08,0.0,881
2014-08-09,0.0,881
2014-08-10,0.0,881
2014-08-11,0.0,881
2014-08-12,0.0,881
2014-08-13,0.0,881
2014-08-14,0.0,881
2014-08-15,0.0,881
2014-08-16,0.0,881
2014-08-17,0.0,881
2014-08-18,0.0,881
2014-08-19,0.0,881
2014-08-20,0.0,881
2014-08-21,0.0,881
2014-08-22,0.0,881
2014-08-23,0.0,881
2014-08-24,0.0,881
2014-08-25,0.0,881
2014-08-26,0.0,881
2014-08-27,0.0,881
2014-08-28,0.0,881
2014-08-29,2.0,881
2014-06-29,6.0,883
2014-06-30,0.0,883
2014-07-01,172.0,883
2014-07-02,6.0,883
2014-07-03,5.0,883
2014-07-04,0.0,883
2014-07-05,0.0,883
2014-07-06,0.0,883
2014-07-07,0.0,883
2014-07-08,0.0,883
2014-07-09,0.0,883
2014-07-10,0.0,883
2014-07-11,0.0,883
2014-07-12,0.0,883
2014-07-13,0.0,883
2014-07-14,0.0,883
2014-07-15,0.0,883
2014-07-16,0.0,883
2014-07-17,0.0,883
2014-07-18,0.0,883
2014-07-19,0.0,883
2014-07-20,0.0,883
2014-07-21,0.0,883
2014-07-22,0.0,883
2014-07-23,0.0,883
2014-07-24,0.0,883
2014-07-25,0.0,883
2014-07-26,0.0,883
2014-07-27,0.0,883
2014-07-28,2.0,883
2014-07-29,0.0,883
2014-07-30,0.0,883
2014-07-31,88.0,883
2014-08-01,103.0,883
2014-08-02,0.0,883
2014-08-03,0.0,883
2014-08-04,0.0,883
2014-08-05,0.0,883
2014-08-06,0.0,883
2014-08-07,0.0,883
2014-08-08,0.0,883
2014-08-09,0.0,883
2014-08-10,0.0,883
2014-08-11,0.0,883
2014-08-12,0.0,883
2014-08-13,0.0,883
2014-08-14,0.0,883
2014-08-15,0.0,883
2014-08-16,0.0,883
2014-08-17,0.0,883
2014-08-18,0.0,883
2014-08-19,0.0,883
2014-08-20,0.0,883
2014-08-21,0.0,883
2014-08-22,0.0,883
2014-08-23,0.0,883
2014-08-24,0.0,883
2014-08-25,0.0,883
2014-08-26,0.0,883
2014-08-27,0.0,883
2014-07-01,229.0,884
2014-07-02,17.0,884
2014-07-03,4.0,884
2014-07-04,0.0,884
2014-07-05,0.0,884
2014-07-06,0.0,884
2014-07-07,0.0,884
2014-07-08,0.0,884
2014-07-09,0.0,884
2014-07-10,0.0,884
2014-07-11,0.0,884
2014-07-12,0.0,884
2014-07-13,0.0,884
2014-07-14,0.0,884
2014-07-15,0.0,884
2014-07-16,0.0,884
2014-07-17,0.0,884
2014-07-18,0.0,884
2014-07-19,0.0,884
2014-07-20,0.0,884
2014-07-21,0.0,884
2014-07-22,0.0,884
2014-07-23,0.0,884
2014-07-24,0.0,884
2014-07-25,0.0,884
2014-07-26,0.0,884
2014-07-27,0.0,884
2014-07-28,2.0,884
2014-07-29,0.0,884
2014-07-30,0.0,884
2014-07-31,124.0,884
2014-08-01,143.0,884
2014-08-02,0.0,884
2014-08-03,0.0,884
2014-08-04,0.0,884
2014-08-05,0.0,884
2014-08-06,0.0,884
2014-08-07,0.0,884
2014-08-08,0.0,884
2014-08-09,0.0,884
2014-08-10,0.0,884
2014-08-11,0.0,884
2014-08-12,0.0,884
2014-08-13,0.0,884
2014-08-14,0.0,884
2014-08-15,0.0,884
2014-08-16,0.0,884
2014-08-17,0.0,884
2014-08-18,0.0,884
2014-08-19,0.0,884
2014-08-20,0.0,884
2014-08-21,0.0,884
2014-08-22,0.0,884
2014-08-23,0.0,884
2014-08-24,0.0,884
2014-08-25,0.0,884
2014-08-26,0.0,884
2014-08-27,0.0,884
2014-08-28,0.0,884
2014-08-29,3.0,884
2014-05-26,1.0,957
2014-05-27,1.0,957
2014-05-28,4.0,957
2014-05-29,0.0,957
2014-05-30,0.0,957
2014-05-31,43.0,957
2014-06-01,46.0,957
2014-06-02,3.0,957
2014-06-03,0.0,957
2014-06-04,3.0,957
2014-06-05,2.0,957
2014-06-06,1.0,957
2014-06-07,2.0,957
2014-06-08,3.0,957
2014-06-09,1.0,957
2014-06-10,2.0,957
2014-06-11,2.0,957
2014-06-12,1.0,957
2014-06-13,2.0,957
2014-06-14,2.0,957
2014-06-15,2.0,957
2014-06-16,2.0,957
2014-06-17,3.0,957
2014-06-18,2.0,957
2014-06-19,2.0,957
2014-06-20,3.0,957
2014-06-21,2.0,957
2014-06-22,2.0,957
2014-06-23,3.0,957
2014-06-24,2.0,957
2014-06-25,2.0,957
2014-06-26,3.0,957
2014-06-27,1.0,957
2014-06-28,2.0,957
2014-06-29,5.0,957
2014-06-30,3.0,957
2014-07-01,72.0,957
2014-07-02,10.0,957
2014-07-03,4.0,957
2014-07-04,3.0,957
2014-07-05,1.0,957
2014-07-06,3.0,957
2014-07-07,3.0,957
2014-07-08,2.0,957
2014-07-09,3.0,957
2014-07-10,3.0,957
2014-07-11,2.0,957
2014-07-12,3.0,957
2014-07-13,3.0,957
2014-07-14,2.0,957
2014-07-15,3.0,957
2014-07-16,3.0,957
2014-07-17,3.0,957
2014-07-18,3.0,957
2014-07-19,3.0,957
2014-07-20,2.0,957
2014-07-21,3.0,957
2014-07-22,3.0,957
2014-07-23,2.0,957
2014-07-24,2.0,957
2014-05-30,0.0,969
2014-05-31,40.0,969
2014-06-01,46.0,969
2014-06-02,1.0,969
2014-06-03,0.0,969
2014-06-04,2.0,969
2014-06-05,1.0,969
2014-06-06,0.0,969
2014-06-07,1.0,969
2014-06-08,1.0,969
2014-06-09,0.0,969
2014-06-10,1.0,969
2014-06-11,1.0,969
2014-06-12,0.0,969
2014-06-13,1.0,969
2014-06-14,2.0,969
2014-06-15,0.0,969
2014-06-16,1.0,969
2014-06-17,1.0,969
2014-06-18,0.0,969
2014-06-19,1.0,969
2014-06-20,2.0,969
2014-06-21,0.0,969
2014-06-22,2.0,969
2014-06-23,2.0,969
2014-06-24,0.0,969
2014-06-25,1.0,969
2014-06-26,2.0,969
2014-06-27,0.0,969
2014-06-28,0.0,969
2014-06-29,4.0,969
2014-06-30,2.0,969
2014-07-01,70.0,969
2014-07-02,10.0,969
2014-07-03,2.0,969
2014-07-04,1.0,969
2014-07-05,0.0,969
2014-07-06,1.0,969
2014-07-07,1.0,969
2014-07-08,0.0,969
2014-07-09,1.0,969
2014-07-10,1.0,969
2014-07-11,0.0,969
2014-07-12,1.0,969
2014-07-13,1.0,969
2014-07-14,1.0,969
2014-07-15,1.0,969
2014-07-16,1.0,969
2014-07-17,0.0,969
2014-07-18,1.0,969
2014-07-19,1.0,969
2014-07-20,1.0,969
2014-07-21,1.0,969
2014-07-22,2.0,969
2014-07-23,1.0,969
2014-07-24,1.0,969
2014-07-25,1.0,969
2014-07-26,0.0,969
2014-07-27,1.0,969
2014-07-28,3.0,969
2014-05-30,0.0,973
2014-05-31,55.0,973
2014-06-01,55.0,973
2014-06-02,3.0,973
2014-06-03,0.0,973
2014-06-04,3.0,973
2014-06-05,2.0,973
2014-06-06,1.0,973
2014-06-07,2.0,973
2014-06-08,3.0,973
2014-06-09,0.0,973
2014-06-10,2.0,973
2014-06-11,2.0,973
2014-06-12,1.0,973
2014-06-13,2.0,973
2014-06-14,2.0,973
2014-06-15,1.0,973
2014-06-16,2.0,973
2014-06-17,3.0,973
2014-06-18,1.0,973
2014-06-19,2.0,973
2014-06-20,3.0,973
2014-06-21,1.0,973
2014-06-22,1.0,973
2014-06-23,2.0,973
2014-06-24,1.0,973
2014-06-25,1.0,973
2014-06-26,3.0,973
2014-06-27,1.0,973
2014-06-28,0.0,973
2014-06-29,5.0,973
2014-06-30,5.0,973
2014-07-01,86.0,973
2014-07-02,14.0,973
2014-07-03,2.0,973
2014-07-04,2.0,973
2014-07-05,0.0,973
2014-07-06,2.0,973
2014-07-07,2.0,973
2014-07-08,1.0,973
2014-07-09,2.0,973
2014-07-10,2.0,973
2014-07-11,1.0,973
2014-07-12,2.0,973
2014-07-13,2.0,973
2014-07-14,2.0,973
2014-07-15,1.0,973
2014-07-16,2.0,973
2014-07-17,2.0,973
2014-07-18,1.0,973
2014-07-19,2.0,973
2014-07-20,1.0,973
2014-07-21,2.0,973
2014-07-22,2.0,973
2014-07-23,1.0,973
2014-07-24,1.0,973
2014-07-25,2.0,973
2014-07-26,1.0,973
2014-07-27,1.0,973
2014-07-28,3.0,973
2014-05-28,4.0,976
2014-05-29,2.0,976
2014-05-30,0.0,976
2014-05-31,61.0,976
2014-06-01,63.0,976
2014-06-02,3.0,976
2014-06-03,0.0,976
2014-06-04,2.0,976
2014-06-05,2.0,976
2014-06-06,1.0,976
2014-06-07,2.0,976
2014-06-08,2.0,976
2014-06-09,1.0,976
2014-06-10,2.0,976
2014-06-11,2.0,976
2014-06-12,1.0,976
2014-06-13,2.0,976
2014-06-14,2.0,976
2014-06-15,1.0,976
2014-06-16,2.0,976
2014-06-17,2.0,976
2014-06-18,2.0,976
2014-06-19,2.0,976
2014-06-20,3.0,976
2014-06-21,2.0,976
2014-06-22,2.0,976
2014-06-23,2.0,976
2014-06-24,1.0,976
2014-06-25,1.0,976
2014-06-26,3.0,976
2014-06-27,1.0,976
2014-06-28,1.0,976
2014-06-29,5.0,976
2014-06-30,7.0,976
2014-07-01,96.0,976
2014-07-02,16.0,976
2014-07-03,2.0,976
2014-07-04,2.0,976
2014-07-05,1.0,976
2014-07-06,3.0,976
2014-07-07,2.0,976
2014-07-08,1.0,976
2014-07-09,2.0,976
2014-07-10,2.0,976
2014-07-11,2.0,976
2014-07-12,2.0,976
2014-07-13,3.0,976
2014-07-14,1.0,976
2014-07-15,2.0,976
2014-07-16,2.0,976
2014-07-17,2.0,976
2014-07-18,2.0,976
2014-07-19,3.0,976
2014-07-20,2.0,976
2014-07-21,2.0,976
2014-07-22,3.0,976
2014-07-23,2.0,976
2014-07-24,2.0,976
2014-07-25,3.0,976
2014-07-26,2.0,976
2014-05-31,57.0,998
2014-06-01,50.0,998
2014-06-02,4.0,998
2014-06-03,0.0,998
2014-06-04,3.0,998
2014-06-05,3.0,998
2014-06-06,1.0,998
2014-06-07,3.0,998
2014-06-08,3.0,998
2014-06-09,1.0,998
2014-06-10,2.0,998
2014-06-11,3.0,998
2014-06-12,1.0,998
2014-06-13,2.0,998
2014-06-14,2.0,998
2014-06-15,2.0,998
2014-06-16,2.0,998
2014-06-17,4.0,998
2014-06-18,2.0,998
2014-06-19,2.0,998
2014-06-20,3.0,998
2014-06-21,1.0,998
2014-06-22,2.0,998
2014-06-23,3.0,998
2014-06-24,2.0,998
2014-06-25,2.0,998
2014-06-26,3.0,998
2014-06-27,1.0,998
2014-06-28,1.0,998
2014-06-29,7.0,998
2014-06-30,5.0,998
2014-07-01,87.0,998
2014-07-02,10.0,998
2014-07-03,3.0,998
2014-07-04,4.0,998
2014-07-05,1.0,998
2014-07-06,3.0,998
2014-07-07,3.0,998
2014-07-08,2.0,998
2014-07-09,3.0,998
2014-07-10,3.0,998
2014-07-11,2.0,998
2014-07-12,2.0,998
2014-07-13,3.0,998
2014-07-14,2.0,998
2014-07-15,2.0,998
2014-07-16,3.0,998
2014-07-17,2.0,998
2014-07-18,2.0,998
2014-07-19,3.0,998
2014-07-20,2.0,998
2014-07-21,2.0,998
2014-07-22,3.0,998
2014-07-23,2.0,998
2014-07-24,2.0,998
2014-07-25,4.0,998
2014-07-26,2.0,998
2014-07-27,1.0,998
2014-07-28,4.0,998
2014-07-29,2.0,998
2014-05-31,44.0,999
2014-06-01,44.0,999
2014-06-02,3.0,999
2014-06-03,3.0,999
2014-06-04,2.0,999
2014-06-05,3.0,999
2014-06-06,2.0,999
2014-06-07,3.0,999
2014-06-08,3.0,999
2014-06-09,2.0,999
2014-06-10,3.0,999
2014-06-11,3.0,999
2014-06-12,2.0,999
2014-06-13,2.0,999
2014-06-14,3.0,999
2014-06-15,2.0,999
2014-06-16,2.0,999
2014-06-17,3.0,999
2014-06-18,2.0,999
2014-06-19,2.0,999
2014-06-20,3.0,999
2014-06-21,1.0,999
2014-06-22,3.0,999
2014-06-23,3.0,999
2014-06-24,2.0,999
2014-06-25,2.0,999
2014-06-26,3.0,999
2014-06-27,2.0,999
2014-06-28,1.0,999
2014-06-29,5.0,999
2014-06-30,5.0,999
2014-07-01,69.0,999
2014-07-02,11.0,999
2014-07-03,4.0,999
2014-07-04,3.0,999
2014-07-05,2.0,999
2014-07-06,3.0,999
2014-07-07,3.0,999
2014-07-08,2.0,999
2014-07-09,3.0,999
2014-07-10,3.0,999
2014-07-11,3.0,999
2014-07-12,3.0,999
2014-07-13,3.0,999
2014-07-14,2.0,999
2014-07-15,3.0,999
2014-07-16,3.0,999
2014-07-17,2.0,999
2014-07-18,3.0,999
2014-07-19,3.0,999
2014-07-20,2.0,999
2014-07-21,3.0,999
2014-07-22,3.0,999
2014-07-23,3.0,999
2014-07-24,2.0,999
2014-07-25,4.0,999
2014-07-26,2.0,999
2014-07-27,2.0,999
2014-07-28,4.0,999
2014-07-29,2.0,999
